cedula,nombre,apellido,email,cantidad_vehiculos_rentados,direccion,activo
21209696,Mellicent,Emerine,memerine0@home.pl,1,165 Dixon Hill,false
27548945,Giustino,Brunsen,gbrunsen1@woothemes.com,3,33898 Prairieview Road,false
26492169,Mahmoud,Spears,mspears2@ocn.ne.jp,2,493 Havey Drive,false
20913692,Ingamar,Bavester,ibavester3@amazon.com,2,53781 Darwin Road,true
15418347,Dacie,Romanelli,dromanelli4@e-recht24.de,3,135 Kinsman Hill,false
11135393,Evangelina,Dowsett,edowsett5@hugedomains.com,3,5 Vera Parkway,false
10932300,Patty,Michael,pmichael6@fema.gov,2,98124 Little Fleur Court,true
21239444,Clare,Bartkiewicz,cbartkiewicz7@moonfruit.com,2,8675 Southridge Point,false
22603282,Carmelina,Scorthorne,cscorthorne8@msn.com,3,2 Anzinger Avenue,true
12609414,Dulcea,Duligall,dduligall9@aol.com,1,8262 Warrior Road,false
27731211,Carmelia,Bossingham,cbossinghama@tiny.cc,3,68 Redwing Circle,true
25783597,Anya,Sein,aseinb@timesonline.co.uk,2,2 Loomis Crossing,true
21472075,Breena,Meecher,bmeecherc@cbc.ca,1,01 Mccormick Lane,false
16800228,Eddie,Henryson,ehenrysond@ovh.net,2,9 Hoard Junction,false
29115193,Jenica,Fairbrass,jfairbrasse@so-net.ne.jp,1,3 Vermont Park,true
15427236,Chane,Aveline,cavelinef@washingtonpost.com,1,95 Hanson Junction,false
14733398,Wilmette,Hillum,whillumg@a8.net,2,885 Oriole Center,true
21568136,Ainsley,Flacknell,aflacknellh@google.ca,1,250 Morrow Crossing,false
18846897,Prisca,Threadgall,pthreadgalli@hatena.ne.jp,3,87331 Calypso Crossing,true
13426894,Loy,Burde,lburdej@psu.edu,2,7352 Cordelia Trail,false
23525120,Whit,Butteris,wbutterisk@state.tx.us,1,2 Northridge Circle,false
21291676,Jessi,Marskell,jmarskelll@csmonitor.com,2,418 High Crossing Street,true
14005571,Ingaborg,Burbidge,iburbidgem@ycombinator.com,3,8584 Acker Drive,true
25957320,Lyndel,Statham,lstathamn@biglobe.ne.jp,2,1518 Merchant Way,true
12352594,Lilia,Kemish,lkemisho@fda.gov,3,30356 Darwin Parkway,false
11531097,Dagmar,Bremmell,dbremmellp@unesco.org,2,8754 Kennedy Lane,false
28376644,Frederick,Donati,fdonatiq@ucla.edu,3,47764 Southridge Trail,false
26165498,Merrill,Philipsson,mphilipssonr@pinterest.com,1,71 Schiller Hill,false
14555216,Marrilee,Batman,mbatmans@hibu.com,1,699 School Way,false
15204212,Bar,Hamlett,bhamlettt@mlb.com,3,6674 Fair Oaks Place,false
28871330,Rollie,Ronchetti,rronchettiu@cnn.com,2,73 Farwell Point,false
22588680,Red,Garment,rgarmentv@wikimedia.org,3,9807 Vermont Point,false
12828092,Lishe,Fibbens,lfibbensw@blogs.com,2,67516 Cody Terrace,true
15753929,Hube,McEvilly,hmcevillyx@usatoday.com,2,5 Tony Circle,false
25085466,Evered,Burkert,eburkerty@ihg.com,1,19 Old Shore Circle,true
28528312,Bord,Lorenzini,blorenziniz@ox.ac.uk,1,93800 Milwaukee Road,true
12111494,Jeth,O'Sheils,josheils10@wikispaces.com,1,923 Holy Cross Junction,false
27807919,Pascale,Winspur,pwinspur11@reddit.com,3,2028 John Wall Crossing,true
24346544,Robin,Metzig,rmetzig12@va.gov,3,138 Eggendart Terrace,true
14402929,Gearalt,Guillond,gguillond13@engadget.com,1,49012 Esker Crossing,false
16094477,Correy,Spensly,cspensly14@latimes.com,1,0280 Fairview Drive,false
29040638,Steve,Heiner,sheiner15@unesco.org,3,991 Ridgeway Avenue,false
12101952,Nevile,Zanicchi,nzanicchi16@prnewswire.com,1,813 Mitchell Circle,false
10072306,Olympie,Jagiela,ojagiela17@umich.edu,2,417 Tennessee Place,true
28477822,Gaby,Clemitt,gclemitt18@narod.ru,2,865 Badeau Parkway,true
14628105,Annamarie,Espie,aespie19@wiley.com,3,636 Loeprich Avenue,true
20198620,Sheffield,Gorriessen,sgorriessen1a@clickbank.net,1,319 Sachs Lane,false
12614565,Roxine,Pittoli,rpittoli1b@unesco.org,1,48171 Briar Crest Pass,true
27959865,Nelly,Roffey,nroffey1c@disqus.com,2,564 Vermont Terrace,false
22718722,Krishna,Fernier,kfernier1d@google.com.au,1,9805 Charing Cross Pass,false
11798162,Flem,Schankelborg,fschankelborg1e@vk.com,2,79 Algoma Center,false
16339857,Marv,Blucher,mblucher1f@1und1.de,3,92785 La Follette Court,false
12343054,Dexter,Squibbs,dsquibbs1g@abc.net.au,2,4 Iowa Parkway,false
27515503,Jen,Roj,jroj1h@columbia.edu,1,4 Bartillon Point,false
17408564,Harlen,Geddes,hgeddes1i@chron.com,2,9 Ronald Regan Place,false
16911698,Tammy,Gallimore,tgallimore1j@bloglovin.com,1,2201 Browning Place,true
17453181,Lezlie,Soda,lsoda1k@amazon.co.jp,3,47660 Bluestem Center,false
22962721,Rosalinde,Whiteson,rwhiteson1l@addthis.com,1,75 Sommers Park,false
11700344,Constantine,Rackham,crackham1m@reddit.com,3,2055 Anniversary Street,false
12822781,Lorelei,Cradey,lcradey1n@mac.com,2,504 Judy Crossing,false
28307980,Tonia,Rhoades,trhoades1o@cyberchimps.com,3,4 Warbler Junction,false
13776344,Trefor,Bills,tbills1p@themeforest.net,2,11 Old Gate Lane,true
26646322,Roosevelt,Janjusevic,rjanjusevic1q@google.it,3,4 Weeping Birch Avenue,false
19971341,Doug,Raecroft,draecroft1r@hao123.com,3,85 Eastwood Road,true
11431734,Marcie,Coste,mcoste1s@huffingtonpost.com,3,87679 Fieldstone Drive,false
29603369,Aurel,Barbie,abarbie1t@prlog.org,3,5626 Warner Hill,true
12372102,Devina,Bloxsum,dbloxsum1u@photobucket.com,1,1 Paget Terrace,true
11044855,Gayleen,Mewrcik,gmewrcik1v@vkontakte.ru,3,7760 Melody Alley,true
18532759,Yovonnda,Hagart,yhagart1w@ow.ly,3,3556 Manley Parkway,false
13188851,Emelyne,Cadwaladr,ecadwaladr1x@state.tx.us,3,78934 Hanson Street,false
27366893,Elsbeth,Atherton,eatherton1y@nps.gov,1,3116 Mitchell Alley,false
20662921,Ella,Chawner,echawner1z@omniture.com,2,22959 Old Shore Terrace,false
27188953,Christal,Gurery,cgurery20@scientificamerican.com,1,331 Glacier Hill Hill,false
19778973,Karil,Grumbridge,kgrumbridge21@imdb.com,3,08160 Lunder Crossing,false
29110276,Elvin,Summersett,esummersett22@auda.org.au,3,829 Clove Hill,true
21615567,Stewart,Cawthera,scawthera23@wsj.com,2,82 Amoth Center,true
22109373,Harley,Keddy,hkeddy24@washingtonpost.com,2,789 Transport Circle,false
16874553,Humbert,Erni,herni25@cnet.com,2,5938 Brentwood Hill,true
11644648,Raimundo,Munroe,rmunroe26@blog.com,1,34 Banding Alley,false
17425236,Ambrosi,Brazear,abrazear27@archive.org,2,49156 Badeau Alley,true
23096045,Annecorinne,Tetla,atetla28@xrea.com,3,9 Rutledge Junction,false
29980765,Shirlee,Thow,sthow29@wordpress.com,1,2616 Cambridge Alley,true
22964595,Trudie,Scarrisbrick,tscarrisbrick2a@opensource.org,3,1190 Miller Plaza,false
14993811,Drew,Cheesley,dcheesley2b@sbwire.com,2,64761 Larry Crossing,true
14623447,Isacco,Cluely,icluely2c@wunderground.com,2,65395 Bonner Plaza,false
29910738,Alon,Sommerly,asommerly2d@washingtonpost.com,1,3 Sommers Plaza,false
17516968,Camille,Ogilvie,cogilvie2e@sourceforge.net,2,35 Messerschmidt Place,true
15586657,Selestina,Seeks,sseeks2f@google.co.jp,1,46 Victoria Lane,false
10985768,Olympe,Toulch,otoulch2g@comsenz.com,3,31 Forest Pass,false
27574320,Ainslee,Marling,amarling2h@timesonline.co.uk,2,01585 Atwood Point,true
15377463,Mellie,Shavel,mshavel2i@oaic.gov.au,2,356 Arkansas Avenue,false
21559256,Daven,Kerrich,dkerrich2j@weibo.com,3,4 Kim Avenue,false
16980307,Bat,Bogaert,bbogaert2k@flickr.com,3,996 Welch Parkway,true
27618131,Flynn,Chivers,fchivers2l@booking.com,2,364 School Court,true
12762851,Ginnie,Frigout,gfrigout2m@1und1.de,2,58 Dixon Plaza,false
13520359,Adam,Rodgier,arodgier2n@artisteer.com,3,23 Gale Hill,true
19292915,Domenico,Cuddehy,dcuddehy2o@spiegel.de,2,72 Bobwhite Avenue,true
21268927,Rancell,Narramore,rnarramore2p@wikimedia.org,1,22 Clemons Crossing,false
22968229,Wendy,Pemble,wpemble2q@nsw.gov.au,2,5481 Russell Point,true
17767713,Phedra,Debney,pdebney2r@woothemes.com,1,134 Stang Court,true
22617754,Fulvia,Langmead,flangmead2s@google.es,2,26962 Ohio Junction,false
23009484,Nonnah,Crean,ncrean2t@ca.gov,3,314 Longview Road,true
26926600,Magdalene,Scola,mscola2u@kickstarter.com,1,81347 Barnett Park,true
28651891,Rania,Liffe,rliffe2v@cbc.ca,2,3606 Forest Plaza,true
15081675,Sayer,Cockland,scockland2w@ted.com,3,4 Farragut Pass,false
22317873,Mara,Worsnop,mworsnop2x@theguardian.com,3,30 Lillian Parkway,false
14367241,Amaleta,Jurca,ajurca2y@auda.org.au,3,9930 Schiller Street,true
16731205,Rowe,Joselin,rjoselin2z@dell.com,3,906 Oneill Parkway,false
28726674,Cece,Riches,criches30@ftc.gov,3,0 Everett Point,false
14121528,Arlee,Sotworth,asotworth31@uol.com.br,2,664 Stone Corner Hill,true
11361114,Dewain,Janousek,djanousek32@macromedia.com,3,047 Cambridge Court,true
16228651,Nananne,MacKenney,nmackenney33@twitter.com,3,77 Colorado Avenue,true
22378874,Wilfrid,Gendrich,wgendrich34@shop-pro.jp,2,313 Heath Place,false
24573181,Jo,Wilkin,jwilkin35@xrea.com,3,6 Eastwood Trail,true
15739393,Ruthi,Jeffery,rjeffery36@wunderground.com,1,98514 Cascade Center,false
19277184,Gwendolin,Crocket,gcrocket37@si.edu,3,66179 Grasskamp Drive,false
22264193,Humphrey,Vitler,hvitler38@howstuffworks.com,1,62285 Namekagon Place,true
21797437,Yard,O'Lenane,yolenane39@exblog.jp,3,69 Rigney Parkway,false
25585550,Grantham,Grigoliis,ggrigoliis3a@delicious.com,2,65816 Colorado Drive,true
27243884,Lennard,Hadaway,lhadaway3b@discuz.net,1,48301 Heffernan Road,true
18199682,Alfy,Denholm,adenholm3c@alexa.com,3,7 Boyd Point,false
17404822,Renelle,Templeman,rtempleman3d@mediafire.com,2,370 Division Court,true
26678241,Cristine,Admans,cadmans3e@baidu.com,2,1244 Colorado Avenue,true
19636705,Marmaduke,Rove,mrove3f@state.tx.us,1,1847 Orin Trail,true
14701841,Gregory,Tumbelty,gtumbelty3g@miitbeian.gov.cn,1,1 Division Parkway,false
18338878,Ellery,Minett,eminett3h@trellian.com,1,58 Scoville Lane,true
13031391,Krysta,Chue,kchue3i@wikia.com,3,503 Toban Place,true
25235479,Danyette,Lethardy,dlethardy3j@friendfeed.com,2,3 Maryland Place,false
29286952,Mahmud,O'Cleary,mocleary3k@reference.com,1,9 Meadow Valley Street,true
29868722,Wallas,Mainz,wmainz3l@opera.com,1,14 Barby Place,false
26975419,Berkly,Sanger,bsanger3m@zimbio.com,2,8 Fremont Plaza,false
26813790,Kizzee,Ollin,kollin3n@xing.com,3,512 Rigney Road,false
27702803,Pegeen,Candish,pcandish3o@blogger.com,1,53875 School Junction,true
14073053,Dee,Ranscomb,dranscomb3p@timesonline.co.uk,2,8 Northfield Park,false
21753780,Pammi,Tease,ptease3q@foxnews.com,1,8 Monica Plaza,true
15597745,Jeannette,Shooter,jshooter3r@g.co,2,72159 Sheridan Court,false
29650111,Elbertine,Hullah,ehullah3s@ca.gov,2,942 Jana Terrace,false
24797753,Jordanna,Bault,jbault3t@theglobeandmail.com,3,6174 Namekagon Crossing,false
23841534,Griff,Arnaudin,garnaudin3u@cmu.edu,3,6 Weeping Birch Drive,true
29588430,Paxon,Goundsy,pgoundsy3v@shareasale.com,2,2547 Lien Alley,true
28592894,Shadow,Sea,ssea3w@bing.com,3,6646 Forest Hill,true
22487780,Giralda,Cunniam,gcunniam3x@xing.com,1,3 Glacier Hill Pass,true
20612106,Joellyn,Sheekey,jsheekey3y@webnode.com,2,044 Grim Center,false
26873317,Patin,Henker,phenker3z@apple.com,3,98 Bashford Pass,true
17186112,Isaiah,Blue,iblue40@businessinsider.com,2,27 Quincy Avenue,true
27124275,Micky,Conningham,mconningham41@wiley.com,2,88 Londonderry Place,true
17523784,Flossie,Haller,fhaller42@artisteer.com,3,79 Sommers Park,true
25566081,Alicea,Greenhaugh,agreenhaugh43@sbwire.com,1,05 Bluestem Center,true
23207954,Chiarra,Bessom,cbessom44@dyndns.org,1,08746 Bay Avenue,true
26208743,Buck,Biaggelli,bbiaggelli45@google.cn,3,2 Waubesa Way,true
24008324,Virge,Barrat,vbarrat46@fda.gov,3,8123 Jackson Hill,false
18277258,Ramsay,Rudd,rrudd47@mysql.com,1,7 Westerfield Park,true
17022025,Thain,Murty,tmurty48@cbsnews.com,2,3348 Johnson Way,false
26326793,Demetria,Southward,dsouthward49@answers.com,2,72 Mccormick Alley,true
13456145,Wilow,Farenden,wfarenden4a@youtu.be,1,54 Green Ridge Park,true
10919876,Mart,Bleacher,mbleacher4b@indiegogo.com,3,19 Granby Drive,true
29955520,Emili,Kiellor,ekiellor4c@upenn.edu,3,14640 Farragut Parkway,true
28544713,Raff,Fettiplace,rfettiplace4d@usda.gov,3,7010 Homewood Crossing,true
21518135,Griswold,MacNockater,gmacnockater4e@si.edu,2,648 Melby Trail,false
13040339,Errick,Whiley,ewhiley4f@bing.com,2,9672 Rockefeller Crossing,true
26753401,Tasia,Ebbett,tebbett4g@bandcamp.com,2,1 Kennedy Parkway,false
15070273,Kalindi,Dicke,kdicke4h@reuters.com,3,23796 Briar Crest Park,true
20185271,Zahara,Blazewski,zblazewski4i@issuu.com,1,6676 Bluejay Park,true
20406217,Elihu,Kelner,ekelner4j@sina.com.cn,1,04 7th Center,false
27178023,Byron,Fulk,bfulk4k@icq.com,3,058 Trailsway Point,false
13501082,Jacquie,Greenier,jgreenier4l@foxnews.com,2,57940 Fisk Lane,false
15134366,Blanca,Rosekilly,brosekilly4m@dailymotion.com,1,58438 Clemons Alley,false
22788702,Mick,Hector,mhector4n@wikipedia.org,3,50 Beilfuss Junction,false
12062618,Helenka,Vasilchikov,hvasilchikov4o@constantcontact.com,3,0 Schmedeman Way,true
19383969,Lindy,Simes,lsimes4p@plala.or.jp,3,20674 Sugar Plaza,true
12624351,Charlene,Ardley,cardley4q@vimeo.com,3,4316 Grayhawk Avenue,false
17695872,Garfield,McKirton,gmckirton4r@tinyurl.com,1,26 Sheridan Hill,true
24978578,Ruben,Annes,rannes4s@thetimes.co.uk,2,2106 Prentice Terrace,false
11671154,Veda,Carlet,vcarlet4t@lulu.com,2,013 Sutteridge Place,true
15278101,Sky,Albisser,salbisser4u@wikimedia.org,3,44 Sheridan Alley,false
25641285,Sydney,Bohin,sbohin4v@e-recht24.de,3,63405 Moulton Junction,true
19584558,Pavel,D'Orsay,pdorsay4w@soundcloud.com,1,77 Dryden Court,true
14491726,Christabella,Savoury,csavoury4x@cyberchimps.com,2,95684 Sunbrook Parkway,false
20406988,Belle,Froome,bfroome4y@angelfire.com,1,32373 Elka Lane,true
19797263,Olivier,Navein,onavein4z@soup.io,1,86401 Lakeland Point,false
27146203,Helenelizabeth,Guyet,hguyet50@altervista.org,2,8 Longview Crossing,false
17007980,Daile,Eayrs,deayrs51@squarespace.com,1,77 Bartelt Court,true
29033271,Ernestine,Hughes,ehughes52@cbslocal.com,3,85370 Butterfield Junction,false
19355205,Elka,Hacquard,ehacquard53@elpais.com,1,06 Butternut Junction,false
18920017,Jaye,Hess,jhess54@nymag.com,3,6 Dexter Court,false
13219260,Drugi,Burlingham,dburlingham55@howstuffworks.com,2,65339 Emmet Place,true
29499155,Maggee,Ivic,mivic56@noaa.gov,2,22123 Glacier Hill Park,true
19054522,Stuart,Brussels,sbrussels57@yolasite.com,1,46273 Macpherson Center,true
17610713,Lexi,Murphey,lmurphey58@bandcamp.com,1,88702 Riverside Terrace,false
27770618,Frederic,Halwell,fhalwell59@samsung.com,2,60578 Pine View Crossing,false
21972254,Caren,Nealand,cnealand5a@nhs.uk,2,003 Corscot Junction,false
10086220,Marlon,Bedwell,mbedwell5b@si.edu,2,1 Sauthoff Park,false
18986881,Durante,Monaghan,dmonaghan5c@constantcontact.com,1,93186 Commercial Street,false
20074331,Camille,Loddy,cloddy5d@goo.ne.jp,3,08 Menomonie Street,false
11617386,Lewiss,Di Napoli,ldinapoli5e@storify.com,2,842 Kipling Way,false
27575185,Jacquie,Lawlings,jlawlings5f@army.mil,3,91 Bobwhite Court,true
16859267,Chanda,Turland,cturland5g@ihg.com,3,51153 Red Cloud Park,true
12521908,Hillyer,Swinden,hswinden5h@usda.gov,1,836 Logan Park,false
10755987,Gwen,Kirrens,gkirrens5i@godaddy.com,3,404 East Avenue,false
16625423,Scotty,Davet,sdavet5j@skype.com,2,6380 Gulseth Point,false
22515120,Kippie,Fitchet,kfitchet5k@ask.com,2,19 7th Junction,true
11753896,Abbot,Cruces,acruces5l@huffingtonpost.com,2,1644 Arrowood Trail,false
19464684,Purcell,Forestall,pforestall5m@tmall.com,1,7 Carberry Center,true
11763368,Mei,Wharton,mwharton5n@arizona.edu,1,520 Sunbrook Park,false
23400036,Teri,Guilliatt,tguilliatt5o@devhub.com,1,89497 Myrtle Junction,true
12087776,Rosetta,Spellworth,rspellworth5p@skype.com,1,8427 Magdeline Terrace,true
17021944,Arnold,Lindenbluth,alindenbluth5q@china.com.cn,1,6421 Talmadge Alley,false
18109442,Cairistiona,Gunstone,cgunstone5r@tiny.cc,1,8361 Ilene Avenue,false
15706641,Chancey,Hassey,chassey5s@nsw.gov.au,1,6835 Bartillon Junction,true
13711164,Evelyn,Rodolphe,erodolphe5t@wix.com,1,0214 Vahlen Street,true
27218044,Anni,Otton,aotton5u@msn.com,1,4531 Reindahl Parkway,true
21361510,Hilliary,Keough,hkeough5v@yelp.com,3,6761 Upham Point,true
21940487,Fayette,Beavan,fbeavan5w@ed.gov,1,540 Susan Park,false
28835977,Claudina,Allaker,callaker5x@patch.com,2,83 Rusk Road,true
21716062,Allie,Di Bartolomeo,adibartolomeo5y@slashdot.org,2,359 Delaware Trail,true
10222400,Thane,Ryott,tryott5z@dailymail.co.uk,1,64 Morning Lane,false
23471009,Lorelei,Bothbie,lbothbie60@homestead.com,1,2 Hagan Road,false
13472450,Layne,Farbrace,lfarbrace61@elpais.com,1,632 Amoth Street,false
10696576,Celisse,MacRanald,cmacranald62@123-reg.co.uk,3,764 Elka Avenue,false
27798476,Fulvia,Brandreth,fbrandreth63@bandcamp.com,2,93 Merry Junction,false
14392865,Eldon,Brounsell,ebrounsell64@blog.com,2,6 David Pass,true
16053772,Freddie,Bartleman,fbartleman65@csmonitor.com,1,31157 Jana Junction,true
27437895,Dolly,Jardein,djardein66@delicious.com,3,61288 Rutledge Center,false
12133968,Euell,Scibsey,escibsey67@rakuten.co.jp,3,80 6th Terrace,true
26048705,Rosanna,Olyunin,rolyunin68@engadget.com,2,7 Northland Junction,false
26734665,Alphonso,Pfaffe,apfaffe69@bizjournals.com,3,8236 Loftsgordon Parkway,true
13529306,Gilbert,Brettell,gbrettell6a@wisc.edu,2,1 Sommers Drive,true
24673183,Tabby,Howcroft,thowcroft6b@va.gov,3,1 School Alley,true
10704481,Chic,Till,ctill6c@wikia.com,1,0 6th Trail,true
23092579,Dido,Attwill,dattwill6d@diigo.com,3,1 Mesta Terrace,false
20299443,Alasteir,Elstub,aelstub6e@delicious.com,1,491 Sachs Circle,false
15030287,Sarajane,Stearne,sstearne6f@mysql.com,1,4 Elgar Junction,true
25062411,Monika,Barnwall,mbarnwall6g@latimes.com,2,1 Jana Junction,false
29307620,Astrix,Stapele,astapele6h@topsy.com,1,206 Gale Way,false
26100856,Brittani,Gonnet,bgonnet6i@utexas.edu,2,64322 Dryden Crossing,false
17894269,Shandra,Trulocke,strulocke6j@huffingtonpost.com,2,8944 Towne Center,true
27196196,Alfy,Jeanin,ajeanin6k@walmart.com,3,1 Pond Place,true
13136010,Elana,Halvosen,ehalvosen6l@tripadvisor.com,3,90680 Daystar Junction,true
14191969,Nicholas,Hubbold,nhubbold6m@europa.eu,3,276 Walton Lane,true
14202131,Inna,Hughes,ihughes6n@hatena.ne.jp,2,3 Northridge Park,false
17552494,Janaye,Celez,jcelez6o@fda.gov,1,8697 Alpine Plaza,false
11831144,Simone,Petruszka,spetruszka6p@tripod.com,3,4688 Russell Park,false
29137099,Luciano,Sheringham,lsheringham6q@mit.edu,2,927 Graedel Circle,false
23888409,Tobey,Brogan,tbrogan6r@xrea.com,2,36 3rd Point,true
22215582,Shalom,Plowes,splowes6s@opensource.org,3,1 Kenwood Center,true
22516138,Deny,Houston,dhouston6t@ox.ac.uk,2,26 Thompson Trail,true
26227334,Tiffi,Tooley,ttooley6u@ifeng.com,3,5 Lighthouse Bay Center,true
14815146,Shoshana,Naris,snaris6v@dedecms.com,2,772 Center Road,false
21056717,Emmalynn,Borton,eborton6w@telegraph.co.uk,2,10914 Service Road,false
17470573,Linn,Sopper,lsopper6x@about.com,1,99 Towne Crossing,true
21649480,Gregoire,Trassler,gtrassler6y@youtu.be,1,0467 Express Drive,false
15444309,Alexandro,Hadeke,ahadeke6z@unblog.fr,1,2139 Lindbergh Avenue,true
10501005,Modestine,Vannet,mvannet70@shop-pro.jp,1,988 Sage Pass,false
20151343,Kiele,Townby,ktownby71@discuz.net,1,06078 Bayside Drive,true
11861928,Sharron,Gentsch,sgentsch72@washington.edu,2,05 Forster Pass,false
29231521,Kev,Renahan,krenahan73@google.com,1,15 Mallard Street,true
14340422,Royall,Grandison,rgrandison74@mysql.com,2,6 Duke Avenue,false
28736590,Gerty,Sharpe,gsharpe75@indiatimes.com,1,07393 Crest Line Way,true
22554524,Sayre,Smeuin,ssmeuin76@imdb.com,3,9797 Jenifer Avenue,true
25135135,Lesli,Andriveau,landriveau77@newyorker.com,1,4911 Mayer Alley,false
21290478,Pierette,McKeurton,pmckeurton78@skype.com,1,66029 Meadow Ridge Alley,false
24039467,Elsworth,Boother,eboother79@bbb.org,3,8 Anhalt Parkway,false
13108306,Inge,Pioli,ipioli7a@cdbaby.com,3,3007 Scoville Avenue,false
12658871,Minetta,Connick,mconnick7b@nih.gov,3,40 Vahlen Road,false
10454553,Hobey,Sutterfield,hsutterfield7c@123-reg.co.uk,1,469 Cottonwood Circle,true
19213990,Devondra,Valentinuzzi,dvalentinuzzi7d@dagondesign.com,2,0576 Crownhardt Center,true
12867553,Cecile,Struis,cstruis7e@marketwatch.com,1,74 Clove Place,false
14214010,Harriet,Baily,hbaily7f@instagram.com,2,30722 Hudson Center,false
29665095,Haily,Joselevitch,hjoselevitch7g@kickstarter.com,2,734 Leroy Place,false
10998665,Danika,Nijs,dnijs7h@state.tx.us,3,5 Rusk Hill,true
16280108,Saraann,Kepling,skepling7i@indiatimes.com,2,32007 Linden Center,false
13549838,Kerry,Llewellin,kllewellin7j@skype.com,1,4 Redwing Place,true
14996851,Jarret,Mularkey,jmularkey7k@qq.com,3,28667 Anniversary Avenue,false
14697380,Valaria,Cantle,vcantle7l@answers.com,2,3232 Shoshone Terrace,false
24839191,Ashely,Kincla,akincla7m@shutterfly.com,1,4728 Chive Park,true
14495006,Benedick,Lewry,blewry7n@jugem.jp,2,69212 Oxford Terrace,false
21532479,Bent,Barnewall,bbarnewall7o@newsvine.com,3,88424 Myrtle Way,false
21386520,Quintus,Pechell,qpechell7p@cocolog-nifty.com,2,789 Beilfuss Pass,true
17238399,Hortensia,Gripton,hgripton7q@ox.ac.uk,1,56 Carey Crossing,true
19880443,Guillaume,Heisman,gheisman7r@about.me,2,94100 Paget Drive,true
23655374,Reade,Cryer,rcryer7s@businessweek.com,3,50 Nobel Place,false
16481028,Aggi,Delieu,adelieu7t@goo.ne.jp,2,336 Union Way,false
26156657,Zebulen,Harrell,zharrell7u@wunderground.com,2,5 Delaware Court,false
15872124,Zolly,McCole,zmccole7v@comsenz.com,2,39 Dayton Point,true
16454691,Elsi,Caris,ecaris7w@addthis.com,3,8813 Hovde Pass,false
25568882,Case,Citrine,ccitrine7x@yellowbook.com,1,78909 Bay Terrace,false
13836187,Almira,Sharman,asharman7y@1688.com,2,4536 School Point,false
25244584,Matias,Cahalin,mcahalin7z@apache.org,2,5252 Buhler Plaza,false
29481220,Amalia,Ackers,aackers80@mapy.cz,2,786 Parkside Crossing,true
12821300,Darwin,Balasin,dbalasin81@vimeo.com,2,8 Jenna Trail,true
18871045,Sutherlan,Archambault,sarchambault82@home.pl,3,13 Rutledge Parkway,true
16844544,Roana,Berkley,rberkley83@w3.org,1,04 Emmet Lane,false
21426877,Bale,Maeer,bmaeer84@paginegialle.it,3,4 Holy Cross Lane,false
11664229,Sandy,Kinzett,skinzett85@wikimedia.org,1,27 Stoughton Junction,true
15372893,Angel,Impleton,aimpleton86@a8.net,2,7812 Butterfield Circle,true
29299128,Stearn,Earnshaw,searnshaw87@squidoo.com,1,331 Northridge Point,false
28969230,Laurena,Raisbeck,lraisbeck88@addtoany.com,2,9 Tony Crossing,true
28163757,Martino,Bly,mbly89@usatoday.com,2,0310 Logan Hill,true
21206320,Cindy,Earney,cearney8a@wunderground.com,1,0556 Oakridge Pass,true
29640527,Kermie,Woodfin,kwoodfin8b@linkedin.com,2,81473 Hovde Pass,false
22243445,Candra,Devonside,cdevonside8c@oakley.com,1,28428 Walton Trail,false
13641245,Phebe,Apthorpe,papthorpe8d@nymag.com,3,35001 Oakridge Trail,true
19384111,Rhodie,Snowling,rsnowling8e@last.fm,3,0 Clove Parkway,false
18376103,Effie,Sappell,esappell8f@auda.org.au,3,43724 Lawn Circle,false
21161501,Natalya,Misselbrook,nmisselbrook8g@answers.com,2,96215 Harper Street,true
26667774,Frazier,Albin,falbin8h@hud.gov,2,3308 American Plaza,true
27996206,Etti,Luckcock,eluckcock8i@berkeley.edu,2,11681 Scoville Center,true
24084571,Shandy,Flucker,sflucker8j@dailymail.co.uk,3,448 Scoville Trail,false
27258136,Elise,Griss,egriss8k@4shared.com,2,88 Mcbride Drive,true
13362100,Fanchette,Pocke,fpocke8l@opensource.org,3,5017 Butterfield Place,false
28349603,Matthew,Rollett,mrollett8m@slate.com,2,362 Loomis Trail,true
18045693,Robinia,Goodrich,rgoodrich8n@behance.net,1,5 Bartillon Park,false
20644439,Kara,Bicksteth,kbicksteth8o@soundcloud.com,1,586 Walton Place,false
24960731,Jillayne,Kislingbury,jkislingbury8p@princeton.edu,2,2763 Sullivan Hill,false
22769175,Stacee,Pilbury,spilbury8q@plala.or.jp,2,1523 Elmside Park,false
19962797,Crissy,Frangione,cfrangione8r@uol.com.br,2,58585 Arizona Street,false
20522517,Cedric,Durbyn,cdurbyn8s@google.com,2,98022 Sunfield Street,true
27909898,Gratiana,Sibyllina,gsibyllina8t@yellowpages.com,1,0490 Rusk Center,false
20859519,Nehemiah,Reyna,nreyna8u@wufoo.com,3,048 Schurz Plaza,true
12577953,Alfred,Toal,atoal8v@elpais.com,3,37356 Sutherland Way,true
25441027,Corinna,Dulinty,cdulinty8w@youtu.be,1,615 Golf View Road,true
14705265,Sinclare,Vasishchev,svasishchev8x@disqus.com,2,21740 Haas Drive,true
12612963,Randee,Whitby,rwhitby8y@house.gov,3,1 Rowland Circle,true
18328214,Julina,Kopelman,jkopelman8z@archive.org,1,40237 Pleasure Junction,false
20489353,Georgette,Bielfelt,gbielfelt90@hatena.ne.jp,2,9058 Melvin Circle,false
27666525,Bevan,Sprasen,bsprasen91@storify.com,3,9161 Anzinger Point,true
22681839,Carlo,Fishwick,cfishwick92@github.com,1,99882 Talmadge Alley,true
26360544,Shina,Awty,sawty93@scribd.com,2,0621 Jana Parkway,false
14737795,Amara,Gebuhr,agebuhr94@nasa.gov,1,0022 Blaine Plaza,true
18202565,Austin,Dundendale,adundendale95@freewebs.com,3,34 Anhalt Crossing,false
25969108,Wilhelmine,Bosden,wbosden96@macromedia.com,2,90741 Di Loreto Circle,false
29951505,Kim,Glozman,kglozman97@nps.gov,1,6249 Hansons Drive,true
20422269,Yolande,Pottiphar,ypottiphar98@domainmarket.com,1,8 Fieldstone Junction,false
28293561,Rose,Nannetti,rnannetti99@unblog.fr,1,37655 Waxwing Center,false
18060870,Sherman,Thurgood,sthurgood9a@joomla.org,1,35787 Granby Parkway,true
28601496,Kerrie,Phythean,kphythean9b@vinaora.com,3,797 Claremont Street,true
23857717,Burgess,Aggott,baggott9c@mac.com,3,703 Cody Circle,true
28928622,Valerye,Holdin,vholdin9d@spiegel.de,2,26740 Troy Way,true
13504222,Coretta,Wagerfield,cwagerfield9e@networksolutions.com,3,8 Toban Court,true
24893134,Marty,Darlasson,mdarlasson9f@imageshack.us,2,8 Fremont Place,false
16964357,Bruno,Pett,bpett9g@multiply.com,1,39 Old Gate Hill,true
18006180,Gray,Kochs,gkochs9h@g.co,2,8 Bonner Plaza,false
19761750,Aundrea,Lidington,alidington9i@artisteer.com,3,91039 Ronald Regan Crossing,true
22713923,Cris,Ainsby,cainsby9j@networkadvertising.org,1,87541 Bunting Court,false
29025196,Issi,Dransfield,idransfield9k@scientificamerican.com,1,592 Union Road,true
14495483,Jada,Bricksey,jbricksey9l@cbslocal.com,3,0 Mccormick Pass,false
29073694,Alma,Scallon,ascallon9m@purevolume.com,1,0 Reinke Trail,false
25740242,Fraze,Dodle,fdodle9n@bravesites.com,3,1046 Forest Avenue,false
21815523,Sunny,Nicklin,snicklin9o@google.pl,2,36178 Melvin Drive,false
13179901,Vinita,Marlin,vmarlin9p@toplist.cz,3,193 Kensington Point,true
25476461,Dulciana,McNern,dmcnern9q@ameblo.jp,2,39703 Susan Plaza,true
19583803,Lorine,Braidley,lbraidley9r@vimeo.com,2,0 Mendota Parkway,false
11401796,Kaye,O'Kuddyhy,kokuddyhy9s@statcounter.com,2,74 Thompson Parkway,false
13456347,Kim,Beacon,kbeacon9t@google.es,3,13 Maple Wood Circle,false
14986553,Elberta,Exeter,eexeter9u@imdb.com,3,58 Autumn Leaf Hill,false
17914192,Halley,Lancetter,hlancetter9v@weibo.com,2,3253 Buell Park,false
18654660,Cherry,Hendriksen,chendriksen9w@delicious.com,3,646 Forest Run Terrace,true
15516462,Uta,Giorgielli,ugiorgielli9x@wisc.edu,3,98 Starling Center,true
26373594,Tedda,Malthus,tmalthus9y@utexas.edu,2,586 Lakewood Gardens Trail,false
28610737,Odelinda,Aucutt,oaucutt9z@walmart.com,1,8668 Cottonwood Place,true
28608658,Doyle,Van Der Vlies,dvandervliesa0@mozilla.com,1,19 Mcguire Plaza,false
12049526,Creight,Staning,cstaninga1@aboutads.info,3,5 Lakewood Gardens Terrace,false
27706531,Rand,Lark,rlarka2@adobe.com,2,4 Monica Way,false
15257202,Lacey,Trussell,ltrussella3@istockphoto.com,1,52 Transport Crossing,true
16611537,Shamus,Pechold,specholda4@bloglines.com,2,6 Westridge Plaza,true
19150091,Alastair,Dalziel,adalziela5@macromedia.com,3,798 Katie Circle,true
19505056,Trev,Bronger,tbrongera6@weather.com,3,8 Acker Park,true
22119039,Inglebert,Soars,isoarsa7@cocolog-nifty.com,1,17 Johnson Circle,false
29116618,Alayne,Coverdill,acoverdilla8@state.tx.us,1,777 Bartelt Plaza,true
22912435,Marcy,O'Neal,moneala9@i2i.jp,2,66657 Packers Circle,true
14340752,Theda,Pitts,tpittsaa@oakley.com,3,4215 Anzinger Hill,false
14668546,Yancey,Savil,ysavilab@github.com,3,454 Rowland Place,false
25791629,Zacharie,Breckwell,zbreckwellac@utexas.edu,2,5 Elgar Trail,true
19681166,Dinnie,Ovens,dovensad@nydailynews.com,2,0 Harbort Pass,true
26371578,Coriss,Kahan,ckahanae@merriam-webster.com,1,8647 Mesta Crossing,false
15412794,Haywood,Cordeux,hcordeuxaf@diigo.com,1,27 Buena Vista Crossing,true
14618948,Terrijo,Cosgry,tcosgryag@tiny.cc,1,07 Lotheville Avenue,false
20183659,Mildred,Crouse,mcrouseah@eepurl.com,1,610 Harbort Road,false
20474799,Mill,Mahy,mmahyai@shinystat.com,3,13 Lakewood Drive,true
29534611,Gabby,Chedzoy,gchedzoyaj@google.co.uk,2,400 Troy Plaza,true
19674313,Cindie,Wiersma,cwiersmaak@qq.com,3,6823 Farmco Street,true
29438447,Abe,Skingle,askingleal@usnews.com,1,777 Towne Alley,true
20345147,Josselyn,Bramley,jbramleyam@google.com.au,1,06575 Helena Street,true
20339070,Dedie,Tomankiewicz,dtomankiewiczan@aboutads.info,2,81707 Superior Plaza,false
25094673,Husein,Bariball,hbariballao@census.gov,1,87221 Ilene Center,false
12881852,Anny,Pennicard,apennicardap@acquirethisname.com,3,507 Fallview Place,false
28520624,Derry,Demelt,ddemeltaq@deliciousdays.com,1,0612 Mallory Trail,false
17880733,Julie,Ondrak,jondrakar@cnet.com,2,0 Arapahoe Place,true
23159029,Hildegaard,Ucchino,hucchinoas@techcrunch.com,2,57378 Towne Hill,true
17139597,Olag,Farrah,ofarrahat@hexun.com,2,40 Kenwood Junction,true
22905161,Maureen,Grenshields,mgrenshieldsau@psu.edu,1,1467 Sage Lane,true
18471936,Alejandrina,Conningham,aconninghamav@sina.com.cn,1,47718 Autumn Leaf Circle,false
20692300,Durward,Everest,deverestaw@nymag.com,3,75020 School Parkway,false
19552886,Ivonne,Prinnett,iprinnettax@jalbum.net,2,43470 Katie Avenue,false
18183760,Prudence,Barkley,pbarkleyay@sohu.com,3,93729 Pawling Hill,false
27829653,Harald,Rosenstiel,hrosenstielaz@webs.com,2,8799 Kipling Park,true
10417813,Salomi,Mangenet,smangenetb0@printfriendly.com,3,02 Eastwood Drive,true
27739427,Arlie,Brittles,abrittlesb1@cloudflare.com,3,181 Raven Street,false
25519477,Ricki,Keirl,rkeirlb2@wordpress.org,1,68 Charing Cross Street,true
24525976,Cosme,Doidge,cdoidgeb3@networksolutions.com,2,9 Cardinal Alley,true
15722030,Pam,Santacrole,psantacroleb4@lulu.com,1,98768 Thompson Point,false
16615266,Livvie,Eldritt,leldrittb5@drupal.org,2,7 Eagle Crest Crossing,false
26036593,Morton,Frost,mfrostb6@mapquest.com,2,8696 La Follette Street,true
19226345,Rad,Hamsson,rhamssonb7@wordpress.org,2,80 Walton Street,true
21911702,Fee,Weatherill,fweatherillb8@qq.com,3,01777 Schmedeman Way,false
17329037,Corrie,Battelle,cbattelleb9@smh.com.au,2,20378 Transport Trail,true
29388236,Fielding,Jaquet,fjaquetba@usda.gov,1,370 Doe Crossing Point,true
23822307,Pebrook,Bennion,pbennionbb@mediafire.com,2,9638 Morningstar Road,true
20019672,Abbey,Munning,amunningbc@soundcloud.com,3,1 Schiller Hill,true
10055315,Tawsha,Arangy,tarangybd@hibu.com,3,86 Tomscot Trail,false
17557953,Angus,O'Loughnan,aoloughnanbe@boston.com,3,95913 Carpenter Alley,false
23937742,Reinhold,Evers,reversbf@cornell.edu,3,904 Muir Trail,false
12354470,Lucina,Waszczyk,lwaszczykbg@cloudflare.com,3,01 Clove Street,true
19219129,Isador,Parsonage,iparsonagebh@wsj.com,2,80801 Hallows Parkway,true
17640327,Tresa,Rome,tromebi@google.it,3,66253 Helena Avenue,true
16034212,Pia,Mashro,pmashrobj@bigcartel.com,2,409 Trailsway Hill,false
21490425,Geordie,Soanes,gsoanesbk@shareasale.com,1,2572 Hoffman Road,true
10876898,Normand,Riply,nriplybl@sakura.ne.jp,3,297 Sunnyside Court,false
22195248,Luciano,Ritzman,lritzmanbm@shop-pro.jp,1,93 Miller Alley,true
29157111,Fiann,Chainey,fchaineybn@loc.gov,3,53 Homewood Pass,true
12971527,Gae,Cragg,gcraggbo@mashable.com,1,1 Cordelia Point,false
22325071,Viva,Shorbrook,vshorbrookbp@barnesandnoble.com,1,57249 Petterle Lane,true
15130017,Melina,Frascone,mfrasconebq@hatena.ne.jp,3,7 Burning Wood Lane,true
14629026,Carmine,Joppich,cjoppichbr@wix.com,1,884 Surrey Plaza,false
17309012,Gus,O' Hogan,gohoganbs@nih.gov,2,06 Becker Junction,false
14818951,Morrie,Pye,mpyebt@webmd.com,2,861 Ridgeview Road,false
22211280,Aluin,Nesterov,anesterovbu@privacy.gov.au,2,69104 Sachs Pass,false
15574691,Darrell,Cluer,dcluerbv@deliciousdays.com,2,9 Eggendart Hill,true
29752036,Angelica,Newlands,anewlandsbw@dagondesign.com,3,5755 Lighthouse Bay Junction,true
16344638,Dyna,Bims,dbimsbx@studiopress.com,1,816 Knutson Point,true
29313280,Bram,Burdin,bburdinby@alibaba.com,2,04350 Katie Parkway,true
24304390,Derk,Quantrell,dquantrellbz@ebay.co.uk,1,9 Mcbride Trail,true
27300771,Gail,Luno,glunoc0@clickbank.net,3,948 Monument Center,false
14857502,Travis,Crasford,tcrasfordc1@hhs.gov,3,551 Loftsgordon Street,true
25229216,Bert,Yanshin,byanshinc2@reddit.com,2,4807 Starling Trail,true
11245569,Krispin,Goodanew,kgoodanewc3@wikia.com,1,47959 Harper Park,false
15820408,Monte,Bernardeschi,mbernardeschic4@marketwatch.com,1,26840 Kedzie Drive,false
28314793,Devora,Jouanet,djouanetc5@gravatar.com,1,50 Rockefeller Place,false
18671314,Nyssa,Currall,ncurrallc6@t-online.de,3,49 Clyde Gallagher Avenue,false
29704291,Corey,Rampling,cramplingc7@ibm.com,3,06 Carey Park,false
27460667,Merrielle,Gurley,mgurleyc8@msn.com,3,587 Manufacturers Point,true
14763646,Erv,Lorryman,elorrymanc9@irs.gov,3,68328 Blaine Plaza,true
24354003,Guglielma,Massinger,gmassingerca@geocities.jp,2,60 Aberg Court,true
23393979,Royce,Perrington,rperringtoncb@imageshack.us,1,11 Kensington Parkway,true
25196512,Gannie,Finlow,gfinlowcc@bandcamp.com,3,355 Clemons Pass,true
19676944,Eal,Frears,efrearscd@ehow.com,3,8 Fieldstone Pass,false
29320590,Maddie,Fetherstone,mfetherstonece@uol.com.br,3,39 Division Pass,true
10542876,Alida,Benedicte,abenedictecf@addtoany.com,3,72 Dexter Pass,true
25043107,Niall,Klainman,nklainmancg@meetup.com,3,430 Mallory Street,false
26838022,Annie,Goodale,agoodalech@oakley.com,2,6 Farmco Center,true
16553299,Riane,Spurdens,rspurdensci@yellowpages.com,2,176 Clyde Gallagher Road,true
18234269,Deina,Langfitt,dlangfittcj@howstuffworks.com,1,103 Atwood Point,false
21300146,Albrecht,Abbado,aabbadock@people.com.cn,1,531 New Castle Circle,false
20585120,Benoit,Jager,bjagercl@craigslist.org,2,4 Rusk Alley,true
17828884,Joyan,Roust,jroustcm@guardian.co.uk,1,0921 School Place,true
14626462,Brodie,Woodwind,bwoodwindcn@cbc.ca,3,6 Union Alley,false
15414325,Sacha,Jodlkowski,sjodlkowskico@samsung.com,3,542 Arkansas Pass,false
19194388,Kayle,Mcall,kmcallcp@home.pl,1,966 Morning Hill,false
18883441,Brietta,Dunkerk,bdunkerkcq@indiatimes.com,3,319 Loftsgordon Pass,false
27021578,Bogey,Phlippsen,bphlippsencr@nsw.gov.au,3,761 Erie Crossing,true
29939853,Lowe,Galey,lgaleycs@sohu.com,1,68 Mandrake Avenue,true
27110675,Filmer,Wadman,fwadmanct@weibo.com,2,82037 Maywood Trail,true
16029440,Tadeas,Gallehawk,tgallehawkcu@ihg.com,3,50 Anhalt Crossing,false
29128325,Mel,Mitchley,mmitchleycv@ifeng.com,3,096 Towne Drive,false
13759198,Kakalina,Poag,kpoagcw@cbslocal.com,1,346 Anzinger Circle,true
13421756,Florrie,Leason,fleasoncx@paginegialle.it,3,8 Russell Trail,false
14802170,Sissy,Benoy,sbenoycy@sbwire.com,3,610 Northfield Junction,true
29071976,Syman,Havill,shavillcz@imdb.com,2,432 Moulton Plaza,true
18776075,Nelie,Shobbrook,nshobbrookd0@stanford.edu,3,7079 North Drive,false
15787914,Aurea,Wofenden,awofendend1@vk.com,2,9663 Harper Center,true
27811054,Walsh,Manicom,wmanicomd2@freewebs.com,2,3885 Donald Park,false
29928796,Dora,Jencey,djenceyd3@trellian.com,1,18528 Talmadge Junction,false
12090887,Mala,Cunniff,mcunniffd4@archive.org,3,71 Debs Center,false
21904933,Jena,Blaszkiewicz,jblaszkiewiczd5@hugedomains.com,1,01251 Mariners Cove Alley,true
24139050,Borg,De La Cote,bdelacoted6@marriott.com,1,294 Anderson Parkway,true
28642180,Leena,Cottisford,lcottisfordd7@home.pl,2,1 Wayridge Avenue,true
29300996,Asher,Rumble,arumbled8@sourceforge.net,1,905 Coolidge Crossing,false
16771411,Frans,Dunks,fdunksd9@disqus.com,3,9285 Superior Plaza,false
13091226,Taylor,Amsberger,tamsbergerda@ezinearticles.com,2,27025 Monterey Court,false
12687739,Tiffy,Braam,tbraamdb@netscape.com,2,25464 Summit Junction,false
13567758,Hill,Giottini,hgiottinidc@webs.com,2,247 Blue Bill Park Center,true
11065712,Nananne,MacMakin,nmacmakindd@yale.edu,3,6 Coleman Road,false
12689766,Neala,Hort,nhortde@angelfire.com,1,6659 Maple Wood Plaza,false
27544643,Antoine,Dealy,adealydf@weibo.com,1,12696 Cody Court,false
18395606,Nikolaus,Latour,nlatourdg@house.gov,3,3 High Crossing Crossing,true
25988880,Gino,Turbayne,gturbaynedh@etsy.com,1,4 Declaration Circle,false
18609992,Carey,Schwerin,cschwerindi@amazon.com,3,79 Bartelt Plaza,false
21125929,Thomasin,Championnet,tchampionnetdj@diigo.com,3,5686 Ryan Park,true
24457555,Hayden,Dulson,hdulsondk@joomla.org,3,2936 Fulton Drive,false
21694057,Leroi,Nansom,lnansomdl@accuweather.com,3,48 Northview Circle,true
21582711,Abby,Willden,awilldendm@bbc.co.uk,1,62574 Arapahoe Hill,true
24535222,Caz,Ducket,cducketdn@unicef.org,1,2 Swallow Road,false
10469029,Jordana,Fyfield,jfyfielddo@imgur.com,1,70 Basil Way,false
25679912,Bran,Studholme,bstudholmedp@google.de,2,53 Twin Pines Crossing,false
24747374,Georgy,Harland,gharlanddq@prweb.com,1,51795 Lillian Alley,false
22057462,Justine,Cressingham,jcressinghamdr@engadget.com,2,63699 Elka Center,false
21681633,Denis,Gissop,dgissopds@xing.com,3,74022 Melvin Court,true
12407399,Hulda,Boothe,hboothedt@goo.gl,2,0 Lien Park,false
29535462,Joshia,Splevins,jsplevinsdu@rediff.com,1,5776 Oriole Road,false
28781355,Roxie,Cogley,rcogleydv@nyu.edu,3,7016 7th Lane,false
15036218,Dolph,Gocher,dgocherdw@ameblo.jp,2,37229 Cardinal Junction,true
22579810,Ardisj,O'Moylane,aomoylanedx@chron.com,2,09 Tomscot Way,true
15319854,Edgardo,Rawes,erawesdy@prnewswire.com,1,41474 Melby Road,true
22829654,Gunilla,O'Lynn,golynndz@theglobeandmail.com,1,2070 Crest Line Plaza,false
16634013,Marcelle,Pegler,mpeglere0@baidu.com,3,5190 Heffernan Alley,true
23671744,Harli,Paulet,hpaulete1@nymag.com,3,5 Sugar Court,false
13108370,Leland,Schmuhl,lschmuhle2@purevolume.com,1,29558 Bayside Alley,true
14995983,Lyndy,Unworth,lunworthe3@illinois.edu,2,802 Old Gate Junction,true
13039352,Hank,Brockbank,hbrockbanke4@answers.com,2,3 Banding Park,true
11977390,Frederich,MacClure,fmaccluree5@cornell.edu,1,16043 Caliangt Parkway,false
24143650,Constantin,Szymoni,cszymonie6@newsvine.com,3,29 Lerdahl Circle,true
10939670,Ambrose,Fillis,afillise7@census.gov,3,2 Village Green Place,false
22683360,Herschel,Ashwin,hashwine8@businesswire.com,3,5462 Iowa Road,true
29345501,Gray,Cutcliffe,gcutcliffee9@wordpress.org,3,95 Mifflin Park,false
28454594,Matti,Lusk,mluskea@icq.com,3,6126 Arrowood Road,true
25753038,Desiri,Trail,dtraileb@shutterfly.com,1,92995 New Castle Point,true
18073703,Erv,Baselio,ebaselioec@youtu.be,3,185 Toban Drive,true
13579466,Sheppard,Hambly,shamblyed@histats.com,2,55429 American Place,false
19702388,Rossy,Daltrey,rdaltreyee@eepurl.com,1,63309 Mayer Pass,false
13540131,Laverna,Wickendon,lwickendonef@cornell.edu,2,3 Merry Hill,false
25004733,Zahara,Spondley,zspondleyeg@moonfruit.com,3,3 Rigney Point,false
26132202,Helli,Blenkinsopp,hblenkinsoppeh@tripadvisor.com,3,7826 Granby Alley,false
10402760,Irma,Eversley,ieversleyei@sciencedirect.com,1,07053 Schiller Hill,true
20711747,Jemie,Stobie,jstobieej@phoca.cz,1,9 Lakeland Place,false
13754585,Karissa,Bartram,kbartramek@go.com,1,6751 Nancy Way,false
28437503,Modesty,Leale,mlealeel@google.com.hk,3,3 Scoville Park,true
19781520,Carilyn,Probin,cprobinem@alibaba.com,3,67355 Darwin Lane,true
29930371,Ophelia,Inch,oinchen@topsy.com,1,37 Goodland Avenue,true
15324898,Jacki,Neild,jneildeo@slate.com,1,6 Delladonna Lane,false
22712545,Al,Patmore,apatmoreep@gravatar.com,3,2178 Gulseth Point,false
17467738,Cathlene,Streather,cstreathereq@people.com.cn,3,000 Barby Pass,true
29058154,Vivienne,Kienlein,vkienleiner@amazonaws.com,1,73 Dakota Crossing,false
19962173,Reid,Weld,rweldes@yellowbook.com,3,3123 Bobwhite Park,false
22240389,Cori,Sprey,cspreyet@wikispaces.com,2,29577 Kropf Pass,false
26164319,Roderick,Possell,rposselleu@drupal.org,1,7 Mcguire Drive,false
15878651,Alane,Harsum,aharsumev@a8.net,3,23017 Ilene Junction,false
20465211,Aimil,Warby,awarbyew@state.tx.us,3,35 Stone Corner Trail,true
27798050,Helenelizabeth,Occleshaw,hoccleshawex@springer.com,3,6931 Westerfield Trail,false
29143382,Ly,Tratton,ltrattoney@apple.com,2,3 Anhalt Way,false
27503272,Rosco,Mollett,rmollettez@flavors.me,3,41448 Mandrake Crossing,true
12614437,Kizzee,Whitear,kwhitearf0@blogtalkradio.com,1,48736 West Place,false
27207605,Katharyn,Kyle,kkylef1@phoca.cz,1,06897 Gina Place,false
25208607,Gordon,Hilling,ghillingf2@fema.gov,1,0 Browning Street,false
12954564,Reilly,Giacomo,rgiacomof3@techcrunch.com,2,47140 Cascade Road,true
24549706,Janeczka,Mellor,jmellorf4@twitter.com,1,882 Comanche Park,false
21307575,Cornela,Pannaman,cpannamanf5@gravatar.com,2,4 Ludington Way,true
19601509,Dodie,Downing,ddowningf6@amazon.de,3,242 Lake View Avenue,false
20297738,Pieter,Whittam,pwhittamf7@networksolutions.com,1,24 Valley Edge Center,true
21857293,Annalise,Tidey,atideyf8@taobao.com,3,3109 Swallow Junction,true
13590676,Etienne,O'Sharry,eosharryf9@discovery.com,3,003 Sachs Avenue,false
22542325,Care,Simner,csimnerfa@google.nl,3,47 Fulton Point,true
16489675,Barnabas,Duchatel,bduchatelfb@patch.com,3,46 Butternut Center,true
24161028,Cally,Larratt,clarrattfc@china.com.cn,3,57 Knutson Point,false
26729468,Keelby,Ronald,kronaldfd@dailymotion.com,3,6 Blackbird Alley,true
12446999,Andreas,Cantu,acantufe@unicef.org,1,9 Mandrake Point,false
11469021,Daron,Disman,ddismanff@boston.com,1,90 Vahlen Alley,true
26059451,Arabela,Avramow,aavramowfg@google.co.jp,3,2 Dennis Plaza,true
17527417,Malva,Monkleigh,mmonkleighfh@blog.com,1,939 Hayes Terrace,true
29096798,Heath,Brigham,hbrighamfi@admin.ch,2,790 Karstens Trail,false
29494495,Martha,Shilliday,mshillidayfj@storify.com,1,4274 Southridge Lane,true
10588818,Janka,Colliford,jcollifordfk@google.co.uk,1,21405 Drewry Place,false
11684856,Dew,Moxham,dmoxhamfl@nationalgeographic.com,2,3784 Moose Terrace,false
12490813,Derrek,Geistbeck,dgeistbeckfm@reverbnation.com,2,315 Haas Road,false
21480618,Genny,Horley,ghorleyfn@foxnews.com,3,111 Crescent Oaks Road,false
22469534,Janelle,De Giorgis,jdegiorgisfo@virginia.edu,1,1378 Ruskin Junction,true
28826915,Carina,Devey,cdeveyfp@smugmug.com,1,9 Pierstorff Plaza,true
29261737,Nial,Okenfold,nokenfoldfq@blogs.com,1,39 Carey Road,false
27905488,Gideon,Van Halle,gvanhallefr@netscape.com,1,7 Ohio Drive,true
10397958,Morganica,Fierman,mfiermanfs@ted.com,2,7489 Clyde Gallagher Junction,false
11242264,Howey,Escott,hescottft@soundcloud.com,1,96 Weeping Birch Street,false
12805818,Flory,Plak,fplakfu@gmpg.org,3,311 Hoepker Lane,false
25115850,Paolo,Rummings,prummingsfv@altervista.org,1,99583 Cambridge Lane,false
26196707,Raf,Straughan,rstraughanfw@virginia.edu,3,62 Anniversary Terrace,false
22985470,Frannie,Syseland,fsyselandfx@marketwatch.com,3,5312 Leroy Crossing,false
29970607,Conrad,Guillain,cguillainfy@php.net,3,8 Waubesa Crossing,false
23898666,Dara,Paddefield,dpaddefieldfz@usa.gov,2,6861 Karstens Drive,false
13958095,Siobhan,Jephson,sjephsong0@deliciousdays.com,3,745 Straubel Plaza,true
13930936,Odey,Wybrow,owybrowg1@clickbank.net,2,3827 Garrison Park,false
19530440,Nobie,Johl,njohlg2@omniture.com,3,6279 Forest Run Avenue,false
18295578,Lezley,Gulberg,lgulbergg3@usnews.com,3,13 Hazelcrest Crossing,true
18113965,Claudetta,Duncan,cduncang4@berkeley.edu,3,1739 Dixon Plaza,true
17848524,Dorene,Colisbe,dcolisbeg5@wp.com,1,72 Old Shore Parkway,false
26775181,Wanids,Dudeney,wdudeneyg6@seesaa.net,1,66361 Express Circle,true
16666738,Corabel,Alejandri,calejandrig7@imageshack.us,2,86 Del Sol Place,false
15852754,Caddric,Parchment,cparchmentg8@seattletimes.com,1,8 Valley Edge Avenue,true
28615965,Finn,Ilyas,filyasg9@instagram.com,3,6 Bay Way,false
20018396,Dee dee,Brasted,dbrastedga@auda.org.au,2,75 Melrose Lane,false
24803528,Cybill,Upjohn,cupjohngb@ed.gov,3,3 Bartelt Alley,false
29684185,Lenna,Deboo,ldeboogc@discuz.net,1,27312 Logan Drive,true
14539984,Dory,Izhakov,dizhakovgd@amazonaws.com,1,85107 Oriole Street,false
13384286,Gloriane,Janecek,gjanecekge@latimes.com,2,574 Fisk Road,true
14883676,Yasmeen,Ludee,yludeegf@amazon.com,1,14 Maple Terrace,false
13198092,Robinette,Watt,rwattgg@icq.com,2,93924 Milwaukee Court,false
25615276,Stefanie,Gunbie,sgunbiegh@amazon.com,3,51121 Hermina Hill,false
13201535,Ursa,Bernaert,ubernaertgi@acquirethisname.com,3,6 Victoria Junction,true
12719603,Roz,de Clerq,rdeclerqgj@sogou.com,1,05 Talmadge Alley,false
27128742,Gail,Marcroft,gmarcroftgk@time.com,3,47969 Roxbury Lane,false
25220575,Brigida,Mouncher,bmounchergl@ocn.ne.jp,3,8 Randy Circle,true
14241897,Kittie,Marklin,kmarklingm@bluehost.com,2,439 Dunning Way,true
13307077,Carolann,Curr,ccurrgn@behance.net,3,63835 Prentice Road,true
11454293,Lucio,Gerrans,lgerransgo@soup.io,3,953 Longview Avenue,false
29130717,Minetta,Rowberry,mrowberrygp@blogger.com,1,43 Dakota Place,false
11296454,Cori,Penrith,cpenrithgq@usgs.gov,3,02 Dottie Crossing,true
11594020,Koral,Dow,kdowgr@discovery.com,3,817 Ridge Oak Trail,true
27087155,Baxter,Woolvett,bwoolvettgs@bbb.org,1,3 Fair Oaks Avenue,true
23666572,Em,Bazeley,ebazeleygt@imageshack.us,2,33482 Marquette Road,false
17434917,Wally,Vice,wvicegu@time.com,2,67 Browning Avenue,true
23382981,Emily,Clarage,eclaragegv@is.gd,3,2355 Riverside Pass,true
15628194,Perry,Rickeard,prickeardgw@tripod.com,2,07647 Reindahl Avenue,true
19402493,Lothaire,Lambertini,llambertinigx@home.pl,2,29905 Barnett Terrace,false
14996520,Lorianne,Eskell,leskellgy@goodreads.com,1,163 Truax Parkway,false
12189089,Sydney,Perritt,sperrittgz@npr.org,3,3 Tony Place,true
10898610,Beckie,Langer,blangerh0@google.es,1,843 Birchwood Pass,true
17002406,Bria,Staries,bstariesh1@simplemachines.org,3,9 Dryden Pass,false
25686392,Jillayne,Eton,jetonh2@printfriendly.com,3,978 Montana Court,false
24567913,Dionne,Ingreda,dingredah3@hao123.com,1,9212 Blaine Trail,true
24530376,Natasha,Hartman,nhartmanh4@geocities.com,2,63 Stuart Circle,true
29340918,Bianca,Wayman,bwaymanh5@google.com.au,1,2 School Court,true
18929464,Van,Larman,vlarmanh6@harvard.edu,2,666 Montana Road,true
17300756,Stace,Klesl,skleslh7@about.me,3,91139 Vahlen Crossing,true
15562225,Vitoria,Vickars,vvickarsh8@spotify.com,2,8392 Kim Alley,false
27239096,Vinita,Budding,vbuddingh9@wikia.com,1,2 Macpherson Park,true
16802470,Thatch,Kerry,tkerryha@guardian.co.uk,1,019 Bonner Street,false
10862459,Adelheid,Phelip,apheliphb@naver.com,3,0104 7th Parkway,false
25371544,Ariel,Fitzsymons,afitzsymonshc@aboutads.info,3,80719 Hoepker Court,true
18600854,Kai,Mitie,kmitiehd@soup.io,1,8915 Hanson Drive,true
17867416,Angelle,Rizzardi,arizzardihe@rambler.ru,3,5 Kensington Alley,true
25592158,Merna,Maruszewski,mmaruszewskihf@hostgator.com,1,05780 Harper Drive,false
10315775,Nona,Kleinert,nkleinerthg@uol.com.br,2,25001 Ridgeview Trail,false
28053802,Koo,Hoyt,khoythh@hao123.com,1,732 Nobel Avenue,false
28827368,Ryan,Sharper,rsharperhi@nature.com,1,46562 Harbort Pass,true
12846565,Brennan,Popworth,bpopworthhj@omniture.com,2,50 Mariners Cove Terrace,true
18546948,Cahra,Treweek,ctreweekhk@360.cn,1,50649 Warrior Pass,false
27081509,Lynette,Erat,lerathl@tamu.edu,1,2 Bellgrove Center,false
18115487,Dodi,Treadgold,dtreadgoldhm@w3.org,2,55860 Dahle Road,false
19943359,Katleen,Birden,kbirdenhn@slate.com,1,832 Old Gate Drive,true
10805269,Hyacinthie,Dukesbury,hdukesburyho@linkedin.com,3,44 Milwaukee Point,true
19481887,Joya,Milthorpe,jmilthorpehp@weibo.com,3,6 Armistice Hill,true
13509049,Flossi,Wesley,fwesleyhq@unicef.org,2,3237 Spohn Avenue,true
27996296,Angelita,Leads,aleadshr@nih.gov,3,58258 Arizona Lane,false
18967823,Jess,Tenniswood,jtenniswoodhs@pcworld.com,3,187 Knutson Parkway,false
14975383,Paulie,Gamett,pgamettht@scientificamerican.com,1,8 La Follette Park,false
28585836,Neille,Jeduch,njeduchhu@exblog.jp,3,2795 Crownhardt Point,true
28434497,Kaye,Cheley,kcheleyhv@addtoany.com,3,91880 8th Road,true
25853532,Bat,Aidler,baidlerhw@odnoklassniki.ru,1,25877 Schmedeman Lane,true
23579395,Cirstoforo,Warstall,cwarstallhx@mit.edu,3,4 Susan Pass,true
21588126,Kellyann,Spain,kspainhy@infoseek.co.jp,3,75338 Mockingbird Point,false
19237025,Vladamir,Hellyer,vhellyerhz@mapquest.com,1,021 American Ash Junction,true
24359161,Davey,Ferrick,dferricki0@woothemes.com,1,3 Ronald Regan Crossing,false
13544594,Miriam,Botting,mbottingi1@geocities.com,2,4 Merry Alley,true
16463702,Marney,Falco,mfalcoi2@google.es,2,8224 Burrows Alley,false
22279200,Shayne,Dundin,sdundini3@theguardian.com,3,64121 Namekagon Junction,true
25720089,Madonna,Lilly,mlillyi4@bloomberg.com,1,498 Sloan Avenue,true
12096194,Bruis,Bulluck,bbullucki5@wufoo.com,1,5431 Delladonna Junction,false
18362244,Trev,Kalkofen,tkalkofeni6@angelfire.com,3,26208 Schmedeman Circle,false
27818895,Anica,Giovannacci,agiovannaccii7@nba.com,3,73 Milwaukee Way,false
23671404,Giovanna,Carlyon,gcarlyoni8@dmoz.org,3,23 Fair Oaks Place,false
16314113,Gloriana,Larmuth,glarmuthi9@skyrock.com,1,54 La Follette Crossing,true
12781254,Sybille,Bisley,sbisleyia@amazon.com,3,3362 Lien Circle,true
19470998,Reginauld,McMeeking,rmcmeekingib@howstuffworks.com,2,33 Springs Way,false
10285071,Darsie,McMichell,dmcmichellic@ask.com,3,33 Mcguire Park,true
29645825,Salome,Willoughby,swilloughbyid@nps.gov,3,48719 Tomscot Circle,false
28970086,Jessee,Luparti,jlupartiie@dot.gov,1,7 Harbort Center,true
25625517,Birch,Varty,bvartyif@tinypic.com,2,9 Vermont Park,false
25937230,Amalita,Offen,aoffenig@opensource.org,1,3 Arizona Trail,true
13822776,Cherie,Caine,ccaineih@scientificamerican.com,1,9822 Donald Circle,false
17317154,Ryon,Castell,rcastellii@nsw.gov.au,1,48 Jenifer Parkway,true
26229916,Weider,Brandrick,wbrandrickij@technorati.com,2,203 Garrison Junction,true
21899387,Otha,Gauvin,ogauvinik@bigcartel.com,3,7950 Muir Place,false
13246376,Lily,Volke,lvolkeil@senate.gov,3,5958 Ridge Oak Alley,true
14032771,Lucky,Kmieciak,lkmieciakim@elegantthemes.com,3,4391 Oak Lane,true
21990036,Chandler,Burdas,cburdasin@forbes.com,3,551 Delaware Center,true
26845951,Rudiger,Leuty,rleutyio@ucsd.edu,1,223 Walton Park,false
12914712,Livia,Crawshaw,lcrawshawip@hp.com,2,4 Rockefeller Junction,true
24249097,Pepe,Gullivan,pgullivaniq@woothemes.com,2,201 Derek Point,true
27962888,Towny,Josh,tjoshir@creativecommons.org,3,027 Sachs Alley,true
28681538,Hervey,Form,hformis@opera.com,2,717 Lindbergh Terrace,true
19011261,Duffie,Bentick,dbentickit@comsenz.com,2,9 Schmedeman Alley,true
13398456,Nevin,Clift,ncliftiu@lycos.com,2,80 American Ash Alley,false
24427610,Aretha,Yeardsley,ayeardsleyiv@canalblog.com,2,9 Esch Avenue,true
14788950,Belle,Cordery,bcorderyiw@theglobeandmail.com,2,6 Coolidge Place,true
28072613,Viole,Goreisr,vgoreisrix@psu.edu,2,45414 Sunnyside Circle,true
16025441,Cathrin,Febre,cfebreiy@godaddy.com,2,50 Florence Park,true
10907586,Lauretta,Blest,lblestiz@angelfire.com,1,29 Bluestem Crossing,true
28111316,Estevan,Matyushenko,ematyushenkoj0@unesco.org,2,38996 Cherokee Alley,false
17251861,Leanna,McGillivray,lmcgillivrayj1@slate.com,3,7 Lotheville Drive,true
27822426,Benjamen,Bluck,bbluckj2@rambler.ru,3,27 Tomscot Lane,true
29701669,Dael,Dolle,ddollej3@networkadvertising.org,1,67050 Bellgrove Drive,true
17711170,Isabella,Keyden,ikeydenj4@state.gov,2,069 Union Circle,true
27477234,Carlos,Frome,cfromej5@indiegogo.com,2,4 Colorado Crossing,false
27921169,Corrie,Drivers,cdriversj6@theatlantic.com,3,02 Service Terrace,true
12006071,Lodovico,Labes,llabesj7@seattletimes.com,3,8 Manley Hill,true
19561574,Ash,Roston,arostonj8@t-online.de,2,32170 Wayridge Court,false
13150893,Gwen,Haskett,ghaskettj9@cargocollective.com,3,92 Brown Court,true
16958015,Sarita,Katt,skattja@php.net,2,71 Autumn Leaf Parkway,true
17368884,Ynez,Bounds,yboundsjb@tinypic.com,2,21 Laurel Lane,false
14231183,Courtney,Hugle,chuglejc@woothemes.com,1,87 Fairview Alley,true
14643993,Aldin,Minchinden,aminchindenjd@google.co.uk,2,12679 Burrows Point,false
20696771,Saleem,Howle,showleje@google.co.jp,1,17 Fulton Pass,false
18804911,Carmelle,Giovani,cgiovanijf@adobe.com,1,02449 Magdeline Avenue,false
28737093,Dale,Hutchens,dhutchensjg@istockphoto.com,3,21 Westport Court,false
11436241,Malva,Wheildon,mwheildonjh@techcrunch.com,2,45 Forest Run Drive,false
11837886,Aurelie,Leadston,aleadstonji@dyndns.org,3,447 Rusk Way,true
15507232,Leila,Mapledoore,lmapledoorejj@com.com,3,13 Sachs Circle,false
12056383,Jessi,Mangin,jmanginjk@spotify.com,3,5 Weeping Birch Center,true
19856329,Karee,Tellenbrook,ktellenbrookjl@sakura.ne.jp,1,17374 Morning Road,true
26769921,Aindrea,Bolton,aboltonjm@amazon.de,2,4173 Thierer Junction,true
16246325,Ami,Hachard,ahachardjn@mediafire.com,3,57 Schiller Avenue,false
29355815,Engelbert,Spofforth,espofforthjo@mapy.cz,1,695 Susan Parkway,false
11652938,Tilda,Ferretti,tferrettijp@chronoengine.com,2,34939 Goodland Street,false
25442200,Clarissa,Comford,ccomfordjq@nhs.uk,3,58344 Claremont Crossing,false
28966204,Chrisy,Gorch,cgorchjr@weather.com,3,4 Swallow Park,false
20531359,Laurie,Devas,ldevasjs@sina.com.cn,3,0 Shelley Road,true
15978516,Roby,Kidgell,rkidgelljt@twitter.com,3,2022 Forest Run Lane,true
20772957,Basil,Beert,bbeertju@ihg.com,1,38 Kingsford Court,true
15962326,Derby,McElwee,dmcelweejv@ask.com,1,200 Comanche Road,false
29334075,Cobby,Shine,cshinejw@usgs.gov,2,38 Esch Place,false
29439657,Blanche,Braidman,bbraidmanjx@omniture.com,3,70106 Clarendon Pass,true
28486127,Daune,Twiddle,dtwiddlejy@cnn.com,3,7777 Mallory Crossing,false
10683154,Leigh,Feltoe,lfeltoejz@hostgator.com,3,3043 Anthes Avenue,true
29379452,Karlen,Simpkins,ksimpkinsk0@youtu.be,1,5469 Sachs Way,false
29350223,Eileen,Christley,echristleyk1@boston.com,3,66 Kenwood Place,false
10106734,Bibbie,Goulborne,bgoulbornek2@blogger.com,2,9560 Fisk Center,true
13217802,Anselm,Lavender,alavenderk3@taobao.com,2,01260 4th Way,false
27466149,Malvina,Fenn,mfennk4@blogs.com,1,56019 Forest Run Road,true
10811171,Mackenzie,Plumbridge,mplumbridgek5@paypal.com,2,5593 Mallard Avenue,true
21554945,Tybie,Regenhardt,tregenhardtk6@mashable.com,1,837 8th Court,true
12419231,Sarah,Insworth,sinsworthk7@psu.edu,3,555 Express Avenue,true
17810616,Randal,Bett,rbettk8@whitehouse.gov,3,06 Rutledge Avenue,false
16007677,Bryan,Quincey,bquinceyk9@walmart.com,2,93751 Pierstorff Crossing,false
13168816,Farlay,Oldroyde,foldroydeka@hud.gov,3,11980 Springview Lane,true
26683727,Clair,Follet,cfolletkb@salon.com,3,64405 Buell Court,true
23684239,Babette,Bryson,bbrysonkc@godaddy.com,3,1 Nobel Center,false
29970868,Buiron,Reek,breekkd@wired.com,3,6573 Brown Circle,false
18934863,Suellen,O'Dennehy,sodennehyke@pinterest.com,2,2 La Follette Road,true
17182693,Linell,Bouskill,lbouskillkf@answers.com,1,61 Debra Street,false
27980407,Egon,Chew,echewkg@newsvine.com,2,9 Morrow Center,false
24330858,Zachary,Whitechurch,zwhitechurchkh@bravesites.com,3,9050 Mockingbird Court,true
29259493,Danyette,Morton,dmortonki@diigo.com,3,8 Meadow Valley Court,false
14500734,Teodor,Corn,tcornkj@php.net,3,4478 Eastlawn Center,false
28976569,Gale,Mogie,gmogiekk@wiley.com,2,8 West Circle,false
26083559,Chrystel,Di Claudio,cdiclaudiokl@ucoz.ru,1,0 Carpenter Trail,false
28850917,Abram,Paule,apaulekm@nhs.uk,1,5 Mosinee Hill,false
21111531,Aurelia,Rubenovic,arubenovickn@prnewswire.com,2,522 Fair Oaks Way,true
14020524,Goldarina,Paddington,gpaddingtonko@cisco.com,1,21 Dwight Place,false
12679822,Celestina,Kiraly,ckiralykp@nbcnews.com,1,2238 American Ash Avenue,false
20871130,Torrin,Errichiello,terrichiellokq@chronoengine.com,2,67 Garrison Court,true
17397286,Brennen,Creaney,bcreaneykr@instagram.com,1,7 Harbort Place,true
22673294,Brady,Richmond,brichmondks@omniture.com,3,18 Gateway Plaza,false
29513888,Ruben,Skeath,rskeathkt@statcounter.com,3,51 Morningstar Lane,true
20609993,Meier,Kenderdine,mkenderdineku@walmart.com,1,0938 Holmberg Hill,true
18857546,Godiva,Lucien,glucienkv@hibu.com,1,5176 Bartelt Way,false
24962208,Andros,Kilcoyne,akilcoynekw@quantcast.com,1,50797 Lillian Lane,false
19664548,Ansel,Dews,adewskx@virginia.edu,1,3 Lotheville Junction,false
29577300,Stillman,Elkin,selkinky@usa.gov,2,97510 Bartillon Pass,true
17910601,Andre,Ruckledge,aruckledgekz@telegraph.co.uk,1,817 Arizona Place,true
24158222,Sutherlan,Horsefield,shorsefieldl0@about.com,1,441 Independence Terrace,false
14770127,Sybyl,Mullan,smullanl1@sohu.com,3,3612 Red Cloud Court,false
12309025,Teresa,Rout,troutl2@wikispaces.com,3,5991 Sommers Court,false
26081212,Corbett,Freeborne,cfreebornel3@homestead.com,1,4954 Blue Bill Park Terrace,true
16926691,Judon,Jennins,jjenninsl4@house.gov,2,42644 Mosinee Point,false
19170268,Randal,Joisce,rjoiscel5@census.gov,3,8 Randy Place,true
26198155,Ward,Stert,wstertl6@cargocollective.com,1,6 Forest Dale Alley,false
22966040,Tome,Bottrill,tbottrilll7@dion.ne.jp,3,3 Anniversary Hill,true
20886808,Foss,Schleswig-Holstein,fschleswigholsteinl8@google.com.au,2,19 Morningstar Center,true
14862203,Remington,Grzelczyk,rgrzelczykl9@ameblo.jp,2,1 Spenser Park,true
11308984,Gardiner,Livett,glivettla@gov.uk,2,61 Esch Plaza,false
20181084,Torrie,Bysshe,tbysshelb@nationalgeographic.com,3,6 Hayes Avenue,true
19691776,Donelle,Divis,ddivislc@bluehost.com,2,70 Sheridan Street,false
16260271,Clayborne,Rispine,crispineld@dagondesign.com,2,9845 Barnett Road,false
26740335,Alberik,O'Lyhane,aolyhanele@oakley.com,1,599 Basil Court,false
15301075,Hymie,Mulholland,hmulhollandlf@eventbrite.com,2,9 Mallory Hill,false
24831754,Jocelin,Wassung,jwassunglg@spiegel.de,1,93602 Algoma Avenue,false
15775582,Millie,Chaffin,mchaffinlh@hugedomains.com,2,9591 Bluejay Alley,true
18490380,Zechariah,Frostdick,zfrostdickli@nyu.edu,1,54167 Sherman Court,false
21020315,Shae,Jeremaes,sjeremaeslj@usatoday.com,1,44 Toban Plaza,false
14144498,Claire,Lackington,clackingtonlk@eepurl.com,1,91 Nancy Trail,true
10783590,Trumann,Wiggam,twiggamll@xing.com,1,089 Division Terrace,true
24146077,Jonathon,Leeming,jleeminglm@cdbaby.com,1,66391 Kenwood Avenue,true
17994848,Claire,Goly,cgolyln@desdev.cn,3,00797 Colorado Plaza,false
16775056,Heath,Halshaw,hhalshawlo@51.la,2,5491 Burning Wood Way,true
21981508,Gale,Orviss,gorvisslp@hexun.com,3,51009 Schiller Drive,true
13381651,Celeste,Skitt,cskittlq@springer.com,1,66483 Dunning Pass,false
14880564,Nola,Minthorpe,nminthorpelr@xing.com,1,7 Redwing Drive,true
21525491,Jonie,Frisby,jfrisbyls@flavors.me,2,1899 Loomis Point,true
26752405,Sibbie,Fotheringham,sfotheringhamlt@people.com.cn,2,3 Charing Cross Drive,false
24788486,Sheeree,Etter,setterlu@army.mil,1,11 Stoughton Way,true
10184029,Algernon,Bonhome,abonhomelv@aol.com,3,5 New Castle Way,true
19155963,Una,Van der Mark,uvandermarklw@dyndns.org,1,54288 Muir Park,false
19147107,Merwin,Varian,mvarianlx@squarespace.com,3,28990 Drewry Plaza,true
19815014,Elianora,Whitter,ewhitterly@smh.com.au,1,2 Meadow Valley Point,true
16766150,Marcel,Pleasance,mpleasancelz@seesaa.net,1,193 Dexter Plaza,true
19890038,Reuben,Lickorish,rlickorishm0@cam.ac.uk,1,806 Oxford Street,true
14444849,Josephine,Yuille,jyuillem1@youku.com,2,4770 Sutherland Parkway,true
13495708,Johann,Riolfi,jriolfim2@lycos.com,1,49866 Merrick Hill,false
15364947,Zarah,Bestiman,zbestimanm3@moonfruit.com,1,98689 Mendota Trail,false
25184028,Kain,Bampforth,kbampforthm4@who.int,1,6 Upham Hill,true
12201550,Sharline,Moralis,smoralism5@hhs.gov,1,99099 Colorado Crossing,false
18005427,Fannie,Oxborrow,foxborrowm6@ftc.gov,1,406 Scoville Place,false
14986339,Corina,Kopp,ckoppm7@tinyurl.com,2,2549 Express Park,false
23782449,Rafaellle,Rechert,rrechertm8@businessinsider.com,2,3 Hagan Court,true
15493939,Kial,Arnaldy,karnaldym9@cloudflare.com,1,550 Golf Course Hill,false
26721524,Fayth,Leggan,flegganma@macromedia.com,3,999 Waubesa Center,true
21132793,Obed,Drews,odrewsmb@flickr.com,3,5 Springview Junction,true
17529797,Bathsheba,Tolson,btolsonmc@hp.com,3,24225 Johnson Center,true
24244551,Missy,Houdmont,mhoudmontmd@spotify.com,3,29 Melody Park,false
16983313,Dougy,Kopta,dkoptame@mediafire.com,3,0 Bartillon Trail,true
11074489,Jarrad,Berkely,jberkelymf@state.tx.us,1,0378 Stone Corner Road,false
25233254,Siouxie,Thomasen,sthomasenmg@blogspot.com,3,4 Fremont Junction,false
10610818,Milty,Cosslett,mcosslettmh@digg.com,1,88 Manley Alley,false
12584721,Esmeralda,Brumen,ebrumenmi@simplemachines.org,3,36968 Merchant Lane,true
18648746,Gael,Crust,gcrustmj@google.com.au,1,38806 Schlimgen Trail,true
12497360,Aluino,Hilling,ahillingmk@dagondesign.com,2,749 Shoshone Court,false
18843852,Estevan,Neill,eneillml@paypal.com,2,6764 Bluejay Way,false
23934589,Cicily,Scini,cscinimm@163.com,3,39858 Merrick Parkway,false
25790350,Wilmer,Reilly,wreillymn@naver.com,1,5 Forest Run Street,false
11125959,Alick,Gray,agraymo@wunderground.com,3,147 Hazelcrest Center,false
17716559,Valeria,Vaneev,vvaneevmp@blog.com,2,088 Hagan Junction,false
19085049,Jami,Sprigin,jspriginmq@toplist.cz,1,658 Longview Way,true
26867985,Mireielle,Clemenson,mclemensonmr@dailymotion.com,2,63 Harper Junction,true
22677845,Tanner,Caslane,tcaslanems@examiner.com,2,88 Porter Junction,true
10875832,Melessa,Sneden,msnedenmt@skyrock.com,1,074 Judy Lane,true
14094014,Adele,Hook,ahookmu@marriott.com,3,0759 Esch Street,true
27239374,Norby,Saggs,nsaggsmv@wordpress.org,1,5 Golf Course Hill,false
14627766,Ursola,Hanington,uhaningtonmw@reddit.com,3,80 Sherman Center,false
29682227,Laverna,Itchingham,litchinghammx@bravesites.com,1,77314 Stone Corner Park,false
10141831,Rutledge,McKleod,rmckleodmy@cam.ac.uk,3,21 Welch Lane,false
15510883,Maddie,Loude,mloudemz@answers.com,1,8166 Monica Plaza,true
14603897,Domenic,Zoephel,dzoepheln0@quantcast.com,2,29184 Fulton Drive,false
21287120,Bran,MacMarcuis,bmacmarcuisn1@deliciousdays.com,1,35157 Londonderry Way,false
15660035,Arin,Litchfield,alitchfieldn2@freewebs.com,1,80 Southridge Plaza,true
13444737,Irvin,Raubenheim,iraubenheimn3@github.com,3,3528 Bunker Hill Lane,true
16578610,Van,Turneaux,vturneauxn4@addtoany.com,1,16 Birchwood Street,false
14089037,Edna,Domsalla,edomsallan5@nasa.gov,2,3 Kropf Crossing,true
18139190,Jen,Bansal,jbansaln6@flavors.me,3,87 Golf Course Hill,false
20405385,Laure,Gannicott,lgannicottn7@dailymotion.com,1,6508 Service Trail,false
19398582,Quent,Lilion,qlilionn8@ameblo.jp,1,7513 Namekagon Avenue,true
23923325,Rosaline,Matyushkin,rmatyushkinn9@techcrunch.com,3,7 Lerdahl Terrace,true
14902226,Adella,Colwell,acolwellna@taobao.com,3,54314 Village Street,true
16849434,Abigale,Aldus,aaldusnb@biblegateway.com,3,801 Di Loreto Park,true
19831253,Dulciana,Joselevitch,djoselevitchnc@usa.gov,3,25 Nelson Street,false
25263924,Felita,Coleman,fcolemannd@amazon.com,2,5 Heffernan Circle,false
19095354,Arlene,Langer,alangerne@ft.com,2,01 Brickson Park Circle,true
10108677,Fee,Gartrell,fgartrellnf@cnbc.com,2,2065 Wayridge Pass,false
26286711,Stacy,Isbell,sisbellng@fema.gov,3,49 Bobwhite Crossing,true
10702306,Stevena,Gammidge,sgammidgenh@example.com,3,45852 Sunbrook Pass,false
25217953,Benn,Crowdson,bcrowdsonni@loc.gov,3,4625 Burning Wood Crossing,true
12889312,Almeda,McInerney,amcinerneynj@army.mil,3,30270 Manufacturers Drive,false
17497624,Wandie,Murrigans,wmurrigansnk@liveinternet.ru,3,516 Memorial Hill,false
16371031,Alfons,Hulke,ahulkenl@sogou.com,1,451 Hovde Lane,false
19226593,Regina,Binnion,rbinnionnm@dell.com,2,700 Village Plaza,true
16204012,Kyla,Sircombe,ksircombenn@ifeng.com,1,54 Messerschmidt Street,true
10896924,Ajay,Pyer,apyerno@oaic.gov.au,3,08557 Armistice Trail,true
22717223,Alleen,Vanyard,avanyardnp@1und1.de,2,740 Lawn Street,true
18168093,Obidiah,Hearfield,ohearfieldnq@hhs.gov,1,35 Monica Trail,false
17807001,Wilmer,Osboldstone,wosboldstonenr@mysql.com,3,4 Golden Leaf Way,false
16387337,Heda,Uff,huffns@spotify.com,1,129 Havey Circle,false
26809639,Cary,Bayly,cbaylynt@wordpress.com,3,2 Tony Parkway,true
23447365,Gabi,Gerry,ggerrynu@1688.com,3,581 Towne Point,false
18941550,Austen,Peasee,apeaseenv@cargocollective.com,2,352 Fairfield Parkway,true
18270562,Fred,Downing,fdowningnw@google.com,3,5 Carpenter Center,false
14318959,Thea,Jiruca,tjirucanx@examiner.com,3,40 Lighthouse Bay Hill,true
18637926,Casey,Frampton,cframptonny@sina.com.cn,3,5915 Fieldstone Alley,false
22287301,Val,Prendergast,vprendergastnz@scribd.com,2,5 Tony Street,true
10418909,Baldwin,Ludvigsen,bludvigseno0@scientificamerican.com,2,3 Comanche Road,true
18874717,Cordi,Vint,cvinto1@twitpic.com,1,3 Glendale Alley,false
28766220,Itch,Allain,iallaino2@narod.ru,1,0459 Loomis Point,true
20274759,Laurena,Goodanew,lgoodanewo3@discuz.net,3,0506 Norway Maple Avenue,false
11642195,Mahmud,Viney,mvineyo4@intel.com,1,58869 Meadow Ridge Way,false
23340594,Pauletta,Currall,pcurrallo5@so-net.ne.jp,2,2700 Hoard Junction,false
22321637,Rafaelia,Capinetti,rcapinettio6@springer.com,2,2301 Pearson Park,true
26730813,Drusi,Yashanov,dyashanovo7@alibaba.com,1,50235 Namekagon Street,false
15550474,Tull,Kermeen,tkermeeno8@twitpic.com,3,4 Hagan Trail,false
28764212,Julie,Isakov,jisakovo9@usgs.gov,3,4722 Towne Center,true
13979338,Orlan,MacConnell,omacconnelloa@marriott.com,1,66 Doe Crossing Crossing,false
24402637,Agustin,Sheffield,asheffieldob@noaa.gov,2,90 School Pass,false
17640169,Garek,Cluse,gcluseoc@paypal.com,1,27 Gulseth Pass,true
14393360,Moore,Bruntjen,mbruntjenod@google.com,1,8 Thompson Terrace,true
10328546,Stanislas,Bousquet,sbousquetoe@google.de,3,7 Londonderry Lane,false
18978056,Ainslee,Jagiela,ajagielaof@zdnet.com,3,9 Forest Dale Junction,true
10648425,Corrinne,Mathison,cmathisonog@ebay.com,3,26 Browning Center,true
20348091,Bentley,Congrave,bcongraveoh@istockphoto.com,2,44 Oriole Park,true
12383174,Artemas,Androck,aandrockoi@qq.com,1,88403 Hermina Lane,true
17703091,Ernie,Lyptrit,elyptritoj@weibo.com,3,02 Melrose Drive,false
28198287,Imogen,Girod,igirodok@whitehouse.gov,1,7 Corben Alley,false
13036432,Kalina,Alner,kalnerol@xinhuanet.com,2,7812 Orin Drive,true
11059942,Frederico,Elcox,felcoxom@wisc.edu,3,0372 Meadow Valley Crossing,true
28368692,Darsie,Slimings,dslimingson@harvard.edu,2,26 Charing Cross Terrace,false
27251946,Lenci,Gravett,lgravettoo@blogger.com,1,1 Buhler Court,false
22149601,Julina,Whye,jwhyeop@delicious.com,3,3 Chive Road,true
20671286,Eryn,Bonass,ebonassoq@aboutads.info,3,8 Arizona Place,true
24282661,Madelena,McClounan,mmcclounanor@google.de,3,4327 Warner Road,true
15700799,Constance,Welton,cweltonos@addthis.com,2,752 Barnett Drive,false
25157433,Fenelia,Gayler,fgaylerot@github.io,1,44 Scofield Place,false
12138306,Drusie,Dallaway,ddallawayou@princeton.edu,2,5478 Thierer Pass,true
16767405,Carmine,Kenninghan,ckenninghanov@ask.com,3,423 Elgar Hill,true
15144131,Dominique,Cabedo,dcabedoow@shop-pro.jp,2,08909 4th Pass,true
12942936,Jedd,Wurst,jwurstox@livejournal.com,3,56987 2nd Terrace,false
10199661,Juan,Weyland,jweylandoy@ibm.com,2,22108 Longview Court,false
25540443,Gerrie,Stewartson,gstewartsonoz@google.es,3,1912 Dryden Place,false
21852696,Elijah,Payn,epaynp0@noaa.gov,2,488 American Avenue,true
21478882,Goldarina,Govett,ggovettp1@japanpost.jp,2,4 Oneill Hill,false
24811593,Sergio,Heasley,sheasleyp2@fda.gov,2,9191 Lake View Crossing,false
24514755,Pauline,Micklewright,pmicklewrightp3@typepad.com,2,92 Leroy Street,false
16833699,Beckie,Mingardo,bmingardop4@upenn.edu,3,738 Acker Drive,false
17135893,Libbey,Narramor,lnarramorp5@1und1.de,3,08 Moulton Street,false
20261634,Billi,Songust,bsongustp6@t-online.de,1,2434 Aberg Pass,true
14092544,Nancee,Guage,nguagep7@chron.com,1,8 Bashford Center,false
24265424,Hazlett,Ferrillio,hferrilliop8@intel.com,3,0 Brickson Park Alley,true
23990231,Lorne,Madner,lmadnerp9@webnode.com,1,366 Mandrake Crossing,true
28380740,Corri,Dorton,cdortonpa@senate.gov,1,0 Manley Road,false
22698723,Di,Mehew,dmehewpb@economist.com,1,224 Esch Trail,true
10864635,Mariette,Lancett,mlancettpc@psu.edu,3,0374 Little Fleur Trail,true
16405989,Catina,Chazerand,cchazerandpd@ucoz.ru,3,7 Knutson Pass,true
17300288,Benjie,Goullee,bgoulleepe@squidoo.com,2,44148 Clarendon Junction,true
18378988,Claire,Middiff,cmiddiffpf@blogspot.com,2,33043 Mariners Cove Lane,true
22554785,Jany,Osborne,josbornepg@google.pl,2,84146 Straubel Park,false
20539785,Taffy,Croot,tcrootph@icio.us,1,7 Pearson Hill,true
10164197,Cicily,Harverson,charversonpi@fc2.com,1,24 Novick Court,true
27589814,Kellina,Crasswell,kcrasswellpj@hhs.gov,3,890 Elka Court,true
27779854,Willow,Faichnie,wfaichniepk@edublogs.org,3,091 Forest Run Junction,true
24090379,Helyn,Stonner,hstonnerpl@hugedomains.com,2,690 Fairfield Junction,false
19575014,Ardyce,Meni,amenipm@chicagotribune.com,1,378 Bellgrove Crossing,false
28502765,Roxanna,Streader,rstreaderpn@reddit.com,3,204 Anniversary Pass,true
23771184,Raoul,Harford,rharfordpo@alexa.com,3,73 Fulton Street,true
29683918,Benjie,Tweedlie,btweedliepp@netlog.com,3,70544 Warner Place,true
23779826,Toni,Swetenham,tswetenhampq@1und1.de,2,0 Memorial Road,false
20124339,Shandee,Du Fray,sdufraypr@redcross.org,1,71 7th Drive,true
25078696,Coop,Berndtsson,cberndtssonps@livejournal.com,3,161 Loftsgordon Park,false
20352760,Roxine,Bart,rbartpt@dmoz.org,3,11601 Lakewood Point,true
22515781,Hastings,Galbreath,hgalbreathpu@hostgator.com,2,7039 Kinsman Street,false
24721762,Alfie,Westmarland,awestmarlandpv@acquirethisname.com,3,767 Karstens Alley,true
19711272,Violante,Mogie,vmogiepw@clickbank.net,2,5636 Florence Point,true
23375600,Moria,Symcoxe,msymcoxepx@nps.gov,3,7 Nobel Avenue,false
25188850,Berta,Conry,bconrypy@sphinn.com,1,8834 Stuart Park,false
19592969,Del,Macconaghy,dmacconaghypz@arizona.edu,2,384 Prairie Rose Terrace,true
22116591,Jacklyn,Sewards,jsewardsq0@phpbb.com,1,67 Nova Lane,true
26763774,Robers,Chessel,rchesselq1@amazon.co.jp,2,64 American Ash Circle,false
16350676,Muriel,McRoberts,mmcrobertsq2@jigsy.com,1,5 Prentice Pass,true
24513781,Fenelia,MacFadzan,fmacfadzanq3@forbes.com,1,51 6th Park,true
29032280,Emmeline,Webb,ewebbq4@nymag.com,1,9285 7th Lane,false
14222206,Liliane,Gallegos,lgallegosq5@dot.gov,1,1 Armistice Place,false
27200144,Carie,Seiller,cseillerq6@ycombinator.com,3,49 Pennsylvania Plaza,true
15026788,Heida,Lindner,hlindnerq7@usnews.com,1,5 Eggendart Center,true
28928796,Natassia,Gile,ngileq8@addthis.com,1,10 Roxbury Road,true
20048276,Harrison,Trawin,htrawinq9@answers.com,1,52 Grasskamp Lane,false
23100607,Woodman,De Minico,wdeminicoqa@cnn.com,3,8678 Summer Ridge Way,true
10823456,Leonardo,Ortmann,lortmannqb@sciencedirect.com,2,25 Northridge Point,true
22411552,Donielle,Sexcey,dsexceyqc@google.com.au,1,478 Dayton Park,true
18129754,Nancee,Maciejewski,nmaciejewskiqd@homestead.com,1,66683 Linden Place,false
14708102,Caddric,Cosgriff,ccosgriffqe@skype.com,2,6 Sherman Parkway,false
25717443,Gwenora,Edensor,gedensorqf@seesaa.net,3,8830 Texas Plaza,false
24295774,Donn,Normanton,dnormantonqg@nydailynews.com,1,22160 Melvin Parkway,true
16036598,Kristien,Edgcombe,kedgcombeqh@admin.ch,3,3 Lyons Point,true
24390149,Minnnie,Clemon,mclemonqi@imgur.com,3,3044 Mariners Cove Plaza,true
17642682,Marsha,Moverley,mmoverleyqj@github.com,2,659 American Road,false
11252215,Analiese,Rappport,arappportqk@netscape.com,2,59500 Mendota Point,true
11286683,Marlon,Isaacs,misaacsql@tripod.com,3,4281 Surrey Road,false
28537958,Reina,Matuszkiewicz,rmatuszkiewiczqm@mail.ru,1,35 Crest Line Pass,true
21570751,Kimmi,Tench,ktenchqn@sourceforge.net,1,098 Blackbird Terrace,false
12895715,Peg,Shorthouse,pshorthouseqo@tmall.com,1,61 Gateway Terrace,true
24857069,Bonita,Vinson,bvinsonqp@mac.com,1,40 Bultman Terrace,true
29266518,Poppy,Coytes,pcoytesqq@quantcast.com,3,162 Eggendart Trail,false
29546604,Clarisse,Littlejohns,clittlejohnsqr@etsy.com,3,0 Hansons Parkway,false
23032460,Corty,Dulake,cdulakeqs@skype.com,1,444 6th Pass,false
23700412,Vera,Armsden,varmsdenqt@blinklist.com,1,79307 Ramsey Lane,false
10256774,Zabrina,Greet,zgreetqu@yandex.ru,2,101 Clemons Drive,false
23435481,Rodina,Priver,rpriverqv@blogspot.com,3,35 Anzinger Point,false
28443126,Stanly,Westphal,swestphalqw@google.com.br,1,472 Ryan Lane,true
13695036,Blair,Rabjohn,brabjohnqx@dailymail.co.uk,1,08 Service Parkway,false
25239248,Alessandro,Wolfenden,awolfendenqy@weebly.com,1,9242 Milwaukee Place,true
24673626,Joannes,Dirkin,jdirkinqz@hubpages.com,3,75 Grim Lane,false
26512571,Sue,Glasbey,sglasbeyr0@tamu.edu,3,99 Mcguire Alley,false
16548736,Rosanne,Aberchirder,raberchirderr1@gnu.org,2,610 Susan Pass,false
10323883,Halie,Bach,hbachr2@amazon.com,2,533 Heffernan Junction,false
21651187,Pavlov,Fredson,pfredsonr3@t.co,2,91 Montana Terrace,true
12161636,Karee,Ramshaw,kramshawr4@bizjournals.com,3,439 Caliangt Point,false
21578369,Bevin,Mattiassi,bmattiassir5@gov.uk,1,0284 Corry Way,true
12327381,Leonidas,Eldered,lelderedr6@deviantart.com,3,29378 Nelson Alley,false
17590753,Othilia,Dutnall,odutnallr7@globo.com,2,17 Chinook Plaza,true
22740538,Correy,Loyley,cloyleyr8@cbc.ca,3,3 Badeau Plaza,true
14527603,Wendye,Greedy,wgreedyr9@cyberchimps.com,1,5355 Dottie Junction,true
10136941,Ruth,Fattori,rfattorira@bloomberg.com,2,72 Bluejay Park,true
25845302,Wynne,Woolard,wwoolardrb@xinhuanet.com,3,524 Kensington Road,false
25988066,Lyda,Bowler,lbowlerrc@rediff.com,3,2676 Union Place,false
15524707,Trixi,Bogie,tbogierd@shinystat.com,2,4411 Ridgeview Trail,true
20843204,Way,MacDearmid,wmacdearmidre@biblegateway.com,1,6 Portage Center,true
15732945,Kyrstin,Altimas,kaltimasrf@mysql.com,2,23 Sloan Way,false
24790848,Skelly,Segot,ssegotrg@squarespace.com,2,7950 Blaine Way,false
27702604,Tonie,Blasetti,tblasettirh@narod.ru,2,49 Vahlen Circle,false
14233386,Robinson,Uvedale,ruvedaleri@sogou.com,3,85134 Hanover Park,true
26839925,Melina,Trenholm,mtrenholmrj@ca.gov,3,53 Saint Paul Parkway,true
27099494,Daron,Auchterlonie,dauchterlonierk@sogou.com,3,70523 Monument Court,true
15839946,Patty,Valentin,pvalentinrl@imageshack.us,1,2 Talmadge Pass,false
16005172,Leigha,Whistance,lwhistancerm@zimbio.com,2,07153 Chinook Junction,true
19291053,Mel,Nardoni,mnardonirn@ow.ly,3,22 Talmadge Terrace,true
10798295,Shermie,Haygreen,shaygreenro@arizona.edu,1,299 3rd Point,false
20169018,Noby,Ricciardelli,nricciardellirp@china.com.cn,3,78478 Mendota Place,true
12118581,Riley,Pidgeon,rpidgeonrq@amazon.de,1,25 Cardinal Road,true
13791689,Rozalin,Fellows,rfellowsrr@deviantart.com,3,7611 Carpenter Circle,true
30000000,Miguel,Gutierrez,gr,3,Venezuela,true
30762590,Luis Miguel,Gutierrez,lmgr0703@gmail.com,1,a,false
